trial_id,user_id,snapshot_date,trial_started_at,country,device_type,sessions_day1,sessions_day2,sessions_day3,listen_sessions_3d,total_minutes_3d,converted
1,27046,2026-09-24,2026-08-01,EU,iOS,4,0,2,2,81,0
2,27052,2026-09-24,2026-08-01,EU,Android,1,2,2,0,83,0
3,27053,2026-09-24,2026-08-01,Rest,Android,3,0,3,6,26,1
4,27054,2026-09-24,2026-08-01,US,iOS,0,0,0,0,0,0
5,27055,2026-09-24,2026-08-01,EU,iOS,18,2,0,5,158,0
6,27057,2026-09-24,2026-08-01,EU,Web,1,1,5,3,68,0
7,27061,2026-09-24,2026-08-01,US,Web,3,1,3,4,106,1
8,27062,2026-09-24,2026-08-01,Rest,Web,14,10,8,5,361,1
9,27063,2026-09-24,2026-08-01,US,Web,6,2,2,2,126,1
10,27064,2026-09-24,2026-08-01,India,Web,7,1,2,2,75,0
11,27065,2026-09-24,2026-08-01,US,Android,1,0,0,0,16,0
12,27066,2026-09-24,2026-08-01,EU,iOS,9,2,9,8,319,1
13,27067,2026-09-24,2026-08-01,US,iOS,5,1,4,5,52,1
14,27068,2026-09-24,2026-08-01,Rest,Web,0,0,0,0,0,0
15,27069,2026-09-24,2026-08-01,EU,iOS,1,2,0,1,45,0
16,27072,2026-09-24,2026-08-01,Rest,iOS,4,3,2,2,109,1
17,27074,2026-09-24,2026-08-01,US,iOS,2,5,4,4,167,1
18,27075,2026-09-24,2026-08-01,India,Web,10,2,0,1,121,0
19,27076,2026-09-24,2026-08-01,US,Web,10,0,1,4,92,0
20,27078,2026-09-24,2026-08-01,Rest,iOS,4,3,4,6,161,1
21,27079,2026-09-24,2026-08-01,EU,Web,4,0,0,1,47,0
22,27080,2026-09-24,2026-08-01,US,Android,0,5,1,4,71,1
23,27081,2026-09-24,2026-08-01,EU,Android,6,4,5,7,144,1
24,27082,2026-09-24,2026-08-01,Rest,iOS,2,4,7,3,145,1
25,27086,2026-09-24,2026-08-01,Rest,iOS,5,4,5,6,146,1
26,27087,2026-09-24,2026-08-01,India,iOS,6,6,4,6,125,0
27,27090,2026-09-24,2026-08-01,US,iOS,5,9,5,4,134,1
28,27093,2026-09-24,2026-08-01,Rest,Android,0,0,0,0,0,0
29,27094,2026-09-24,2026-08-01,Rest,Web,2,1,2,0,113,1
30,27097,2026-09-24,2026-08-01,US,Android,3,1,1,0,68,1
31,27098,2026-09-24,2026-08-01,India,iOS,3,4,2,2,75,1
32,27099,2026-09-24,2026-08-01,EU,Android,5,7,4,4,211,1
33,27101,2026-09-24,2026-08-01,US,Web,9,2,5,4,212,0
34,27102,2026-09-24,2026-08-01,Rest,iOS,0,0,0,0,0,0
35,27103,2026-09-24,2026-08-01,US,Web,6,10,6,6,257,1
36,27104,2026-09-24,2026-08-01,Rest,Web,9,0,0,3,123,1
37,27105,2026-09-24,2026-08-01,Rest,Android,1,1,1,0,21,0
38,27109,2026-09-24,2026-08-01,Rest,iOS,10,12,6,10,469,1
39,27110,2026-09-24,2026-08-01,US,Android,0,2,1,1,55,1
40,27111,2026-09-24,2026-08-01,US,iOS,9,9,4,13,177,1
41,27113,2026-09-24,2026-08-01,EU,Android,5,1,2,4,55,0
42,27114,2026-09-24,2026-08-01,EU,Android,6,4,6,11,187,1
43,27117,2026-09-24,2026-08-01,US,Android,3,3,0,0,41,1
44,27119,2026-09-24,2026-08-02,US,Web,3,4,4,4,120,0
45,27121,2026-09-24,2026-08-02,US,Web,3,4,5,2,136,1
46,27122,2026-09-24,2026-08-02,Rest,iOS,10,1,1,2,149,0
47,27125,2026-09-24,2026-08-02,India,Android,9,3,0,6,162,0
48,27126,2026-09-24,2026-08-02,India,Web,4,1,4,4,108,1
49,27127,2026-09-24,2026-08-02,US,Web,3,0,0,2,31,0
50,27130,2026-09-24,2026-08-02,India,Android,3,0,4,5,43,0
51,27133,2026-09-24,2026-08-02,Rest,iOS,1,0,0,1,2,0
52,27134,2026-09-24,2026-08-02,Rest,Android,1,6,3,4,50,1
53,27137,2026-09-24,2026-08-02,EU,iOS,5,3,2,5,109,1
54,27138,2026-09-24,2026-08-02,Rest,Web,2,3,7,5,95,1
55,27144,2026-09-24,2026-08-02,EU,Web,13,2,1,3,211,0
56,27145,2026-09-24,2026-08-02,Rest,Web,2,1,1,0,42,0
57,27147,2026-09-24,2026-08-02,US,Web,0,0,1,1,23,0
58,27148,2026-09-24,2026-08-02,India,Web,6,1,1,2,99,0
59,27149,2026-09-24,2026-08-02,US,Android,5,7,6,9,192,1
60,27151,2026-09-24,2026-08-02,Rest,Android,5,4,1,0,70,1
61,27152,2026-09-24,2026-08-02,India,iOS,3,4,2,2,80,1
62,27153,2026-09-24,2026-08-02,Rest,Web,1,2,6,4,116,1
63,27154,2026-09-24,2026-08-02,US,Android,4,3,6,3,127,1
64,27155,2026-09-24,2026-08-02,US,Android,1,2,1,3,16,0
65,27157,2026-09-24,2026-08-02,EU,iOS,2,3,2,0,83,1
66,27162,2026-09-24,2026-08-02,US,Web,1,3,1,2,50,1
67,27165,2026-09-24,2026-08-02,Rest,iOS,2,4,2,4,84,1
68,27166,2026-09-24,2026-08-02,EU,Android,4,6,9,8,184,1
69,27167,2026-09-24,2026-08-02,US,iOS,1,4,0,2,64,1
70,27168,2026-09-24,2026-08-02,India,iOS,8,4,5,6,154,1
71,27171,2026-09-24,2026-08-02,India,iOS,1,4,1,1,34,1
72,27174,2026-09-24,2026-08-02,EU,iOS,9,1,1,3,118,1
73,27175,2026-09-24,2026-08-02,US,Web,4,3,2,0,143,1
74,27176,2026-09-24,2026-08-02,EU,Android,1,4,1,1,69,0
75,27177,2026-09-24,2026-08-02,Rest,Android,0,0,0,0,0,0
76,27179,2026-09-24,2026-08-02,US,iOS,7,7,8,7,248,1
77,27180,2026-09-24,2026-08-02,India,iOS,2,3,3,4,76,1
78,27183,2026-09-24,2026-08-02,India,iOS,2,1,5,4,73,1
79,27186,2026-09-24,2026-08-02,US,iOS,0,0,0,0,0,0
80,27189,2026-09-24,2026-08-02,US,Web,5,3,5,1,144,1
81,27190,2026-09-24,2026-08-02,India,iOS,7,5,8,13,189,1
82,27192,2026-09-24,2026-08-02,Rest,Android,7,9,7,7,206,1
83,27193,2026-09-24,2026-08-02,EU,Web,3,1,0,2,21,0
84,27195,2026-09-24,2026-08-02,US,iOS,5,3,9,5,166,1
85,27197,2026-09-24,2026-08-02,India,Android,5,7,3,8,177,1
86,27199,2026-09-24,2026-08-02,EU,iOS,2,1,4,4,50,1
87,27204,2026-09-24,2026-08-02,US,iOS,0,1,0,1,25,0
88,27206,2026-09-24,2026-08-02,Rest,Web,6,0,0,0,40,0
89,27209,2026-09-24,2026-08-03,US,Web,1,0,0,0,2,0
90,27210,2026-09-24,2026-08-03,US,iOS,6,2,4,10,160,1
91,27211,2026-09-24,2026-08-03,India,Web,16,1,1,4,148,1
92,27212,2026-09-24,2026-08-03,India,Web,1,1,2,0,40,0
93,27213,2026-09-24,2026-08-03,US,iOS,3,1,0,3,37,0
94,27217,2026-09-24,2026-08-03,India,Web,1,2,2,1,34,1
95,27218,2026-09-24,2026-08-03,Rest,Android,13,3,3,7,188,0
96,27220,2026-09-24,2026-08-03,EU,Android,11,1,0,5,108,0
97,27221,2026-09-24,2026-08-03,EU,Web,12,1,0,2,128,1
98,27222,2026-09-24,2026-08-03,EU,iOS,5,1,0,2,57,1
99,27224,2026-09-24,2026-08-03,EU,iOS,0,0,0,0,0,0
100,27226,2026-09-24,2026-08-03,EU,Web,1,0,0,0,17,0
101,27227,2026-09-24,2026-08-03,India,Android,6,2,2,2,121,0
102,27229,2026-09-24,2026-08-03,US,Web,0,0,1,1,44,0
103,27231,2026-09-24,2026-08-03,Rest,iOS,2,0,1,3,22,0
104,27232,2026-09-24,2026-08-03,US,Android,3,4,3,7,74,1
105,27233,2026-09-24,2026-08-03,India,Android,7,4,9,6,263,1
106,27234,2026-09-24,2026-08-03,India,Android,10,0,0,2,147,0
107,27236,2026-09-24,2026-08-03,US,Web,3,2,6,2,170,1
108,27240,2026-09-24,2026-08-03,US,Web,4,4,6,2,178,1
109,27241,2026-09-24,2026-08-03,US,iOS,12,2,1,8,157,0
110,27242,2026-09-24,2026-08-03,US,Web,1,2,4,4,82,0
111,27243,2026-09-24,2026-08-03,US,iOS,9,4,3,11,141,1
112,27245,2026-09-24,2026-08-03,Rest,Web,2,6,10,3,196,0
113,27246,2026-09-24,2026-08-03,EU,iOS,5,1,1,4,50,0
114,27247,2026-09-24,2026-08-03,Rest,Android,2,2,1,1,62,1
115,27248,2026-09-24,2026-08-03,US,iOS,5,4,4,5,96,1
116,27251,2026-09-24,2026-08-03,US,Android,7,3,7,7,131,1
117,27255,2026-09-24,2026-08-03,India,Web,4,4,4,3,91,1
118,27257,2026-09-24,2026-08-03,US,iOS,0,0,0,0,0,0
119,27258,2026-09-24,2026-08-03,Rest,Web,1,1,1,0,28,0
120,27262,2026-09-24,2026-08-03,Rest,Web,0,0,0,0,0,0
121,27264,2026-09-24,2026-08-03,US,iOS,2,1,0,1,34,0
122,27265,2026-09-24,2026-08-03,US,Android,1,2,3,1,53,1
123,27266,2026-09-24,2026-08-03,Rest,Web,4,1,3,3,63,1
124,27274,2026-09-24,2026-08-03,EU,Web,11,5,8,4,224,1
125,27278,2026-09-24,2026-08-03,US,Android,2,5,3,6,72,1
126,27280,2026-09-24,2026-08-03,US,Android,11,9,6,13,345,1
127,27282,2026-09-24,2026-08-03,EU,Android,1,1,1,2,36,0
128,27283,2026-09-24,2026-08-03,India,Android,7,4,2,11,158,1
129,27284,2026-09-24,2026-08-03,EU,Web,8,3,1,2,130,1
130,27285,2026-09-24,2026-08-03,India,Web,3,0,0,3,35,0
131,27290,2026-09-24,2026-08-04,Rest,Web,5,4,6,5,172,1
132,27295,2026-09-24,2026-08-04,India,Android,12,2,0,5,95,0
133,27296,2026-09-24,2026-08-04,US,Android,7,1,4,6,107,1
134,27297,2026-09-24,2026-08-04,Rest,Web,2,3,2,6,146,0
135,27299,2026-09-24,2026-08-04,India,Android,16,0,3,11,180,0
136,27300,2026-09-24,2026-08-04,US,Web,3,0,0,2,38,0
137,27301,2026-09-24,2026-08-04,US,Web,1,3,4,0,74,1
138,27302,2026-09-24,2026-08-04,Rest,iOS,12,0,1,11,159,0
139,27303,2026-09-24,2026-08-04,US,Android,0,0,2,1,7,0
140,27306,2026-09-24,2026-08-04,Rest,iOS,4,4,2,5,77,1
141,27307,2026-09-24,2026-08-04,US,iOS,6,6,8,7,304,1
142,27308,2026-09-24,2026-08-04,India,Android,12,1,0,4,127,0
143,27309,2026-09-24,2026-08-04,US,iOS,5,2,1,5,71,1
144,27310,2026-09-24,2026-08-04,India,Android,0,1,2,1,28,0
145,27312,2026-09-24,2026-08-04,India,Web,2,1,1,2,45,0
146,27318,2026-09-24,2026-08-04,US,Web,2,0,0,0,18,0
147,27321,2026-09-24,2026-08-04,India,iOS,3,0,0,1,30,0
148,27324,2026-09-24,2026-08-04,EU,Android,4,7,7,3,141,0
149,27327,2026-09-24,2026-08-04,Rest,iOS,5,5,5,4,147,1
150,27328,2026-09-24,2026-08-04,US,Android,0,4,1,2,28,1
151,27331,2026-09-24,2026-08-04,US,Web,2,9,2,7,168,1
152,27332,2026-09-24,2026-08-04,EU,Web,0,3,4,2,59,0
153,27333,2026-09-24,2026-08-04,Rest,iOS,0,0,1,0,10,0
154,27334,2026-09-24,2026-08-04,EU,iOS,2,4,5,6,145,0
155,27339,2026-09-24,2026-08-04,Rest,Web,11,2,0,5,93,0
156,27343,2026-09-24,2026-08-04,EU,iOS,4,0,0,3,37,0
157,27346,2026-09-24,2026-08-04,US,Web,3,1,6,6,163,1
158,27347,2026-09-24,2026-08-04,India,Web,2,5,2,2,120,1
159,27351,2026-09-24,2026-08-04,India,iOS,3,4,2,4,89,1
160,27352,2026-09-24,2026-08-04,India,iOS,2,2,2,2,37,1
161,27355,2026-09-24,2026-08-04,US,Web,0,2,1,1,12,0
162,27359,2026-09-24,2026-08-04,US,Web,1,1,3,3,31,1
163,27361,2026-09-24,2026-08-04,US,Web,3,1,1,2,58,0
164,27362,2026-09-24,2026-08-04,EU,Web,11,4,1,4,155,1
165,27365,2026-09-24,2026-08-05,US,Android,7,0,2,4,74,0
166,27366,2026-09-24,2026-08-05,US,Web,8,0,0,2,64,0
167,27368,2026-09-24,2026-08-05,EU,iOS,0,0,0,0,0,0
168,27369,2026-09-24,2026-08-05,US,Web,11,0,1,1,115,1
169,27370,2026-09-24,2026-08-05,US,Web,16,0,4,7,184,0
170,27371,2026-09-24,2026-08-05,US,Android,11,6,7,19,223,1
171,27373,2026-09-24,2026-08-05,US,Web,10,1,1,5,168,0
172,27374,2026-09-24,2026-08-05,India,iOS,3,0,4,2,68,1
173,27378,2026-09-24,2026-08-05,India,Web,3,3,4,5,136,1
174,27379,2026-09-24,2026-08-05,EU,iOS,0,1,1,1,13,0
175,27380,2026-09-24,2026-08-05,Rest,iOS,5,3,3,4,135,1
176,27381,2026-09-24,2026-08-05,US,Web,6,1,0,1,98,0
177,27385,2026-09-24,2026-08-05,Rest,Android,0,5,1,1,41,0
178,27387,2026-09-24,2026-08-05,US,iOS,3,3,1,2,68,1
179,27388,2026-09-24,2026-08-05,EU,Android,1,1,2,1,31,0
180,27389,2026-09-24,2026-08-05,US,Android,3,2,1,1,46,0
181,27391,2026-09-24,2026-08-05,Rest,Android,7,2,2,8,153,0
182,27392,2026-09-24,2026-08-05,US,Android,2,5,2,4,95,1
183,27393,2026-09-24,2026-08-05,US,iOS,7,2,4,3,174,1
184,27396,2026-09-24,2026-08-05,US,iOS,3,3,4,8,121,1
185,27399,2026-09-24,2026-08-05,India,Android,0,0,4,2,57,0
186,27404,2026-09-24,2026-08-05,US,Android,7,10,7,20,233,1
187,27408,2026-09-24,2026-08-05,US,Web,4,5,5,5,131,1
188,27409,2026-09-24,2026-08-05,US,Android,0,3,0,1,36,0
189,27411,2026-09-24,2026-08-05,US,Android,5,7,3,6,139,1
190,27412,2026-09-24,2026-08-05,India,Android,1,3,5,9,138,1
191,27413,2026-09-24,2026-08-05,India,iOS,2,0,2,0,13,1
192,27414,2026-09-24,2026-08-05,US,Web,10,1,0,4,70,0
193,27415,2026-09-24,2026-08-05,US,Web,30,1,0,0,353,0
194,27416,2026-09-24,2026-08-05,India,Android,4,2,5,11,114,1
195,27417,2026-09-24,2026-08-05,EU,Web,6,4,2,1,126,1
196,27418,2026-09-24,2026-08-05,US,iOS,3,1,3,1,70,1
197,27423,2026-09-24,2026-08-05,US,Web,4,3,1,2,96,1
198,27424,2026-09-24,2026-08-05,India,iOS,4,2,4,3,163,1
199,27430,2026-09-24,2026-08-05,US,Android,2,3,1,2,52,0
200,27431,2026-09-24,2026-08-05,EU,Web,3,4,4,3,129,1
201,27432,2026-09-24,2026-08-05,India,Web,2,3,5,0,72,0
202,27434,2026-09-24,2026-08-05,EU,iOS,2,10,5,6,295,1
203,27435,2026-09-24,2026-08-05,India,Web,1,0,1,0,10,0
204,27436,2026-09-24,2026-08-05,EU,iOS,6,4,6,3,172,1
205,27437,2026-09-24,2026-08-05,Rest,Web,15,0,1,3,129,0
206,27438,2026-09-24,2026-08-05,EU,iOS,2,3,2,1,98,1
207,27439,2026-09-24,2026-08-05,EU,iOS,1,3,3,3,92,1
208,27446,2026-09-24,2026-08-05,US,iOS,1,1,2,3,34,1
209,27447,2026-09-24,2026-08-05,Rest,Web,2,3,1,3,98,0
210,27449,2026-09-24,2026-08-06,US,iOS,1,7,2,2,117,1
211,27450,2026-09-24,2026-08-06,EU,iOS,4,3,5,3,97,1
212,27458,2026-09-24,2026-08-06,EU,Android,3,1,2,2,29,0
213,27459,2026-09-24,2026-08-06,EU,Android,0,0,2,1,29,0
214,27460,2026-09-24,2026-08-06,US,iOS,0,4,5,4,160,1
215,27461,2026-09-24,2026-08-06,Rest,Android,3,1,3,5,78,1
216,27463,2026-09-24,2026-08-06,US,Android,32,3,1,29,449,1
217,27464,2026-09-24,2026-08-06,Rest,Android,5,0,0,1,76,0
218,27465,2026-09-24,2026-08-06,US,Web,6,3,8,5,147,1
219,27466,2026-09-24,2026-08-06,EU,iOS,2,3,1,4,141,1
220,27469,2026-09-24,2026-08-06,India,Android,17,1,0,14,176,0
221,27473,2026-09-24,2026-08-06,India,iOS,7,1,0,7,51,1
222,27474,2026-09-24,2026-08-06,Rest,Android,3,3,2,2,120,0
223,27475,2026-09-24,2026-08-06,US,Android,12,0,2,3,179,1
224,27476,2026-09-24,2026-08-06,India,Web,2,2,4,2,86,0
225,27478,2026-09-24,2026-08-06,India,Android,0,2,2,2,61,0
226,27479,2026-09-24,2026-08-06,India,iOS,8,7,6,11,267,1
227,27480,2026-09-24,2026-08-06,EU,iOS,2,3,0,3,50,0
228,27482,2026-09-24,2026-08-06,US,Android,2,1,4,3,46,1
229,27483,2026-09-24,2026-08-06,EU,Android,9,6,6,7,170,1
230,27484,2026-09-24,2026-08-06,EU,Web,1,0,1,0,9,0
231,27485,2026-09-24,2026-08-06,US,Web,3,1,5,3,73,0
232,27487,2026-09-24,2026-08-06,India,Android,5,1,3,1,128,1
233,27488,2026-09-24,2026-08-06,US,iOS,2,1,2,3,34,1
234,27490,2026-09-24,2026-08-06,EU,Android,4,8,6,3,217,1
235,27492,2026-09-24,2026-08-06,US,Android,0,0,3,0,43,1
236,27493,2026-09-24,2026-08-06,Rest,Web,2,1,5,4,79,0
237,27494,2026-09-24,2026-08-06,US,iOS,20,1,1,11,236,1
238,27501,2026-09-24,2026-08-06,Rest,Android,5,6,4,2,107,1
239,27503,2026-09-24,2026-08-06,India,Android,5,3,5,2,127,1
240,27506,2026-09-24,2026-08-06,Rest,Android,12,0,2,10,140,1
241,27507,2026-09-24,2026-08-06,EU,Android,12,7,6,8,215,1
242,27508,2026-09-24,2026-08-06,US,iOS,2,3,5,3,128,1
243,27509,2026-09-24,2026-08-06,US,Web,3,2,2,0,73,0
244,27512,2026-09-24,2026-08-06,EU,Web,0,0,2,0,31,0
245,27516,2026-09-24,2026-08-06,US,Android,5,0,1,2,67,0
246,27520,2026-09-24,2026-08-06,EU,Android,0,3,2,2,49,0
247,27521,2026-09-24,2026-08-06,India,Web,0,1,0,0,28,0
248,27522,2026-09-24,2026-08-06,EU,Web,12,0,2,8,160,0
249,27523,2026-09-24,2026-08-06,US,iOS,2,2,1,3,38,1
250,27524,2026-09-24,2026-08-06,India,iOS,2,4,5,9,103,1
251,27525,2026-09-24,2026-08-06,EU,Android,3,1,1,2,53,0
252,27526,2026-09-24,2026-08-06,India,Android,3,0,1,1,14,0
253,27532,2026-09-24,2026-08-07,Rest,iOS,4,2,3,3,109,1
254,27533,2026-09-24,2026-08-07,US,iOS,10,0,0,2,113,0
255,27535,2026-09-24,2026-08-07,US,Web,2,6,4,4,83,1
256,27536,2026-09-24,2026-08-07,US,iOS,1,1,0,0,18,1
257,27538,2026-09-24,2026-08-07,US,Android,9,0,0,0,126,1
258,27540,2026-09-24,2026-08-07,US,Web,0,0,2,1,8,1
259,27542,2026-09-24,2026-08-07,US,Web,5,6,8,3,308,1
260,27545,2026-09-24,2026-08-07,US,Android,3,0,0,2,25,0
261,27546,2026-09-24,2026-08-07,Rest,Android,1,1,1,0,33,1
262,27548,2026-09-24,2026-08-07,US,Web,2,5,7,4,156,1
263,27550,2026-09-24,2026-08-07,India,Web,2,2,3,3,34,1
264,27553,2026-09-24,2026-08-07,US,Android,7,1,0,4,94,0
265,27555,2026-09-24,2026-08-07,US,Android,3,2,1,0,73,1
266,27556,2026-09-24,2026-08-07,India,Web,1,5,1,1,66,0
267,27558,2026-09-24,2026-08-07,India,iOS,8,1,0,5,141,0
268,27560,2026-09-24,2026-08-07,EU,Android,3,2,1,3,38,1
269,27561,2026-09-24,2026-08-07,US,Web,3,9,9,2,187,1
270,27564,2026-09-24,2026-08-07,Rest,Android,8,7,4,6,183,0
271,27565,2026-09-24,2026-08-07,EU,iOS,0,1,4,3,21,0
272,27566,2026-09-24,2026-08-07,India,Android,1,0,3,2,51,0
273,27567,2026-09-24,2026-08-07,US,Android,4,2,0,5,60,0
274,27571,2026-09-24,2026-08-07,US,iOS,1,2,3,3,62,0
275,27576,2026-09-24,2026-08-07,Rest,iOS,1,0,1,1,32,0
276,27581,2026-09-24,2026-08-07,US,iOS,8,1,0,2,45,0
277,27582,2026-09-24,2026-08-07,US,Android,7,1,0,3,70,1
278,27583,2026-09-24,2026-08-07,US,Web,3,1,1,1,55,0
279,27584,2026-09-24,2026-08-07,India,Android,5,3,0,2,137,0
280,27585,2026-09-24,2026-08-07,India,iOS,0,0,2,0,36,0
281,27589,2026-09-24,2026-08-07,EU,Android,12,1,0,9,219,0
282,27591,2026-09-24,2026-08-07,US,Web,7,4,3,9,117,1
283,27593,2026-09-24,2026-08-07,EU,Android,2,1,0,1,14,0
284,27594,2026-09-24,2026-08-07,EU,Android,5,6,6,7,192,1
285,27597,2026-09-24,2026-08-07,US,iOS,2,0,4,0,44,1
286,27599,2026-09-24,2026-08-07,India,iOS,12,4,10,13,339,1
287,27600,2026-09-24,2026-08-07,EU,Android,2,4,2,2,55,1
288,27603,2026-09-24,2026-08-07,US,Web,2,0,1,1,38,0
289,27605,2026-09-24,2026-08-08,US,Android,6,1,1,6,101,0
290,27609,2026-09-24,2026-08-08,EU,Android,5,5,3,6,139,1
291,27610,2026-09-24,2026-08-08,US,iOS,9,16,10,26,435,1
292,27611,2026-09-24,2026-08-08,EU,Web,3,4,5,5,93,1
293,27615,2026-09-24,2026-08-08,Rest,Web,1,3,5,2,45,1
294,27616,2026-09-24,2026-08-08,Rest,iOS,2,0,3,1,27,0
295,27617,2026-09-24,2026-08-08,Rest,Android,3,0,11,9,181,1
296,27619,2026-09-24,2026-08-08,EU,Android,6,0,0,2,15,0
297,27622,2026-09-24,2026-08-08,US,Android,2,3,2,6,50,1
298,27623,2026-09-24,2026-08-08,US,Android,8,1,2,7,123,0
299,27626,2026-09-24,2026-08-08,India,Web,4,2,2,1,113,1
300,27627,2026-09-24,2026-08-08,US,Web,2,2,2,2,32,1
301,27628,2026-09-24,2026-08-08,EU,iOS,0,1,1,0,19,0
302,27632,2026-09-24,2026-08-08,India,Android,2,3,3,0,64,1
303,27635,2026-09-24,2026-08-08,EU,iOS,3,2,2,4,50,1
304,27637,2026-09-24,2026-08-08,India,Android,1,3,5,2,127,1
305,27638,2026-09-24,2026-08-08,US,Android,2,6,7,11,175,1
306,27639,2026-09-24,2026-08-08,US,iOS,1,1,1,0,19,0
307,27640,2026-09-24,2026-08-08,India,Web,6,1,3,6,104,1
308,27641,2026-09-24,2026-08-08,US,iOS,5,1,0,3,44,0
309,27643,2026-09-24,2026-08-08,Rest,iOS,9,7,9,7,251,1
310,27645,2026-09-24,2026-08-08,India,Android,10,0,1,1,94,0
311,27646,2026-09-24,2026-08-08,US,Web,3,6,1,4,92,1
312,27647,2026-09-24,2026-08-08,US,Web,12,2,3,10,264,0
313,27651,2026-09-24,2026-08-08,US,Android,1,6,1,4,133,1
314,27652,2026-09-24,2026-08-08,Rest,Android,3,2,2,2,181,1
315,27654,2026-09-24,2026-08-08,US,Android,2,4,6,5,168,1
316,27657,2026-09-24,2026-08-08,Rest,Android,28,2,2,13,394,0
317,27658,2026-09-24,2026-08-08,US,Android,11,1,0,5,153,1
318,27660,2026-09-24,2026-08-08,US,Android,0,2,0,0,9,0
319,27661,2026-09-24,2026-08-08,US,Web,6,5,8,7,217,1
320,27664,2026-09-24,2026-08-08,EU,Android,3,1,2,0,36,1
321,27665,2026-09-24,2026-08-08,Rest,Android,7,5,3,6,145,1
322,27668,2026-09-24,2026-08-08,EU,Android,10,4,7,11,223,1
323,27670,2026-09-24,2026-08-08,India,Web,2,2,2,2,74,0
324,27672,2026-09-24,2026-08-09,India,Web,1,0,0,1,4,0
325,27673,2026-09-24,2026-08-09,Rest,Android,2,0,0,2,34,0
326,27674,2026-09-24,2026-08-09,India,iOS,3,2,2,3,41,1
327,27675,2026-09-24,2026-08-09,US,Web,3,0,1,2,27,0
328,27676,2026-09-24,2026-08-09,EU,Android,6,5,2,2,79,1
329,27677,2026-09-24,2026-08-09,India,iOS,4,1,2,1,14,1
330,27678,2026-09-24,2026-08-09,EU,Android,10,1,0,9,147,0
331,27679,2026-09-24,2026-08-09,India,iOS,1,0,4,0,56,0
332,27680,2026-09-24,2026-08-09,Rest,iOS,1,0,2,3,37,0
333,27684,2026-09-24,2026-08-09,EU,iOS,37,2,3,25,447,0
334,27685,2026-09-24,2026-08-09,US,iOS,3,6,2,2,90,1
335,27686,2026-09-24,2026-08-09,US,Web,1,4,1,4,48,1
336,27688,2026-09-24,2026-08-09,Rest,Android,1,6,7,8,121,0
337,27690,2026-09-24,2026-08-09,US,Android,4,3,2,6,84,1
338,27691,2026-09-24,2026-08-09,US,Web,5,2,1,6,111,1
339,27694,2026-09-24,2026-08-09,India,Web,8,0,0,5,153,0
340,27695,2026-09-24,2026-08-09,US,iOS,4,8,5,1,181,1
341,27696,2026-09-24,2026-08-09,India,Web,2,2,1,3,129,1
342,27698,2026-09-24,2026-08-09,India,iOS,5,4,4,5,171,1
343,27702,2026-09-24,2026-08-09,India,Android,4,4,2,5,114,1
344,27705,2026-09-24,2026-08-09,Rest,Android,3,2,2,5,68,1
345,27706,2026-09-24,2026-08-09,US,Web,1,5,1,4,92,0
346,27707,2026-09-24,2026-08-09,US,iOS,9,0,0,3,110,0
347,27710,2026-09-24,2026-08-09,US,iOS,3,2,2,2,65,1
348,27711,2026-09-24,2026-08-09,Rest,Web,32,2,2,6,331,0
349,27713,2026-09-24,2026-08-09,Rest,Android,0,0,3,1,17,0
350,27715,2026-09-24,2026-08-09,US,Android,3,4,2,3,134,1
351,27717,2026-09-24,2026-08-09,Rest,iOS,1,2,1,0,75,0
352,27718,2026-09-24,2026-08-09,EU,Android,10,4,4,8,169,1
353,27719,2026-09-24,2026-08-09,US,iOS,0,2,3,4,27,1
354,27721,2026-09-24,2026-08-09,Rest,Android,15,2,1,5,179,1
355,27728,2026-09-24,2026-08-09,EU,Web,0,0,2,1,8,0
356,27730,2026-09-24,2026-08-09,Rest,Web,1,0,0,1,16,1
357,27731,2026-09-24,2026-08-09,Rest,Web,1,1,3,2,76,1
358,27732,2026-09-24,2026-08-09,Rest,Web,12,9,6,9,211,1
359,27733,2026-09-24,2026-08-09,US,Web,0,1,1,1,10,0
360,27735,2026-09-24,2026-08-09,India,iOS,17,0,3,11,176,0
361,27736,2026-09-24,2026-08-09,India,Android,2,2,3,3,40,0
362,27738,2026-09-24,2026-08-09,US,Android,1,0,1,1,16,1
363,27739,2026-09-24,2026-08-10,US,iOS,1,0,0,1,4,0
364,27740,2026-09-24,2026-08-10,US,Web,11,5,10,12,283,1
365,27742,2026-09-24,2026-08-10,Rest,Android,0,4,5,5,102,1
366,27743,2026-09-24,2026-08-10,India,Web,4,1,2,5,107,1
367,27745,2026-09-24,2026-08-10,EU,Android,4,2,5,8,94,1
368,27754,2026-09-24,2026-08-10,US,iOS,2,2,4,7,85,1
369,27755,2026-09-24,2026-08-10,US,Web,12,1,0,3,107,0
370,27756,2026-09-24,2026-08-10,Rest,Web,5,4,3,3,63,0
371,27757,2026-09-24,2026-08-10,US,iOS,8,5,3,4,138,1
372,27759,2026-09-24,2026-08-10,EU,Android,12,1,0,4,169,1
373,27763,2026-09-24,2026-08-10,India,Web,6,4,5,10,130,1
374,27764,2026-09-24,2026-08-10,US,Web,14,0,2,6,195,0
375,27767,2026-09-24,2026-08-10,EU,Android,0,0,0,0,0,1
376,27768,2026-09-24,2026-08-10,US,Android,1,4,4,4,63,1
377,27769,2026-09-24,2026-08-10,US,Android,0,0,0,0,0,0
378,27770,2026-09-24,2026-08-10,EU,iOS,6,1,2,3,63,1
379,27772,2026-09-24,2026-08-10,India,Web,4,4,2,5,176,1
380,27773,2026-09-24,2026-08-10,India,iOS,0,3,1,2,26,1
381,27775,2026-09-24,2026-08-10,EU,Web,7,7,2,1,174,1
382,27777,2026-09-24,2026-08-10,EU,Android,0,1,1,1,16,0
383,27782,2026-09-24,2026-08-10,US,Web,5,5,2,2,178,1
384,27783,2026-09-24,2026-08-10,US,Android,4,2,4,7,110,1
385,27785,2026-09-24,2026-08-10,EU,Android,3,6,2,6,88,1
386,27786,2026-09-24,2026-08-10,EU,Android,5,4,2,2,143,1
387,27789,2026-09-24,2026-08-10,India,Web,1,0,1,1,13,0
388,27790,2026-09-24,2026-08-10,US,Android,1,2,1,2,73,0
389,27791,2026-09-24,2026-08-10,US,iOS,0,0,1,0,12,0
390,27793,2026-09-24,2026-08-10,US,iOS,5,2,0,4,51,0
391,27796,2026-09-24,2026-08-10,US,iOS,1,1,1,0,15,0
392,27797,2026-09-24,2026-08-10,US,Web,2,2,2,2,67,0
393,27798,2026-09-24,2026-08-10,US,iOS,2,0,1,2,8,0
394,27801,2026-09-24,2026-08-10,US,Web,1,3,2,1,49,0
395,27804,2026-09-24,2026-08-10,Rest,iOS,2,2,3,4,57,1
396,27809,2026-09-24,2026-08-10,Rest,Web,3,7,5,2,152,0
397,27815,2026-09-24,2026-08-10,Rest,Web,0,1,1,1,22,0
398,27816,2026-09-24,2026-08-10,EU,Web,15,1,1,11,213,1
399,27817,2026-09-24,2026-08-10,US,Android,22,1,1,8,320,0
400,27819,2026-09-24,2026-08-10,US,Android,4,2,0,3,43,1
401,27820,2026-09-24,2026-08-10,US,Web,2,2,1,4,29,0
402,27821,2026-09-24,2026-08-10,US,iOS,4,6,11,6,268,1
403,27822,2026-09-24,2026-08-11,India,Web,7,13,6,2,217,1
404,27825,2026-09-24,2026-08-11,India,iOS,12,2,1,13,105,0
405,27829,2026-09-24,2026-08-11,US,iOS,2,1,1,0,13,0
406,27830,2026-09-24,2026-08-11,US,iOS,6,0,0,2,78,0
407,27831,2026-09-24,2026-08-11,India,iOS,0,0,1,0,34,0
408,27833,2026-09-24,2026-08-11,India,Android,5,2,4,5,81,1
409,27834,2026-09-24,2026-08-11,India,iOS,17,0,1,7,275,0
410,27835,2026-09-24,2026-08-11,India,Android,8,7,5,10,154,1
411,27836,2026-09-24,2026-08-11,US,Web,0,0,1,0,4,0
412,27837,2026-09-24,2026-08-11,EU,Android,9,1,1,9,113,1
413,27838,2026-09-24,2026-08-11,Rest,Android,2,2,1,2,44,0
414,27839,2026-09-24,2026-08-11,Rest,Android,2,1,2,2,55,1
415,27840,2026-09-24,2026-08-11,India,Android,1,2,0,0,13,0
416,27841,2026-09-24,2026-08-11,EU,iOS,0,1,0,0,6,0
417,27845,2026-09-24,2026-08-11,Rest,Web,3,6,3,1,154,1
418,27846,2026-09-24,2026-08-11,Rest,Web,6,1,1,1,108,1
419,27849,2026-09-24,2026-08-11,US,Android,1,1,1,1,8,0
420,27850,2026-09-24,2026-08-11,India,Web,7,4,5,0,248,0
421,27854,2026-09-24,2026-08-11,US,Web,0,0,0,0,0,0
422,27855,2026-09-24,2026-08-11,US,Web,2,0,0,1,14,0
423,27858,2026-09-24,2026-08-11,US,Web,2,9,9,7,113,1
424,27859,2026-09-24,2026-08-11,India,Web,4,3,2,5,110,1
425,27862,2026-09-24,2026-08-11,US,Android,8,1,1,5,103,0
426,27865,2026-09-24,2026-08-11,US,Web,0,2,3,2,51,0
427,27866,2026-09-24,2026-08-11,Rest,Android,6,10,2,7,172,1
428,27868,2026-09-24,2026-08-11,EU,Web,8,1,2,6,123,1
429,27871,2026-09-24,2026-08-11,US,Web,5,1,1,1,51,0
430,27873,2026-09-24,2026-08-11,Rest,iOS,4,0,0,1,38,1
431,27876,2026-09-24,2026-08-11,EU,iOS,5,5,9,8,210,1
432,27878,2026-09-24,2026-08-11,India,Android,3,1,5,0,98,0
433,27885,2026-09-24,2026-08-11,EU,Web,6,3,4,3,164,1
434,27887,2026-09-24,2026-08-11,US,iOS,6,4,5,11,117,1
435,27888,2026-09-24,2026-08-11,US,Web,3,7,3,1,102,1
436,27889,2026-09-24,2026-08-11,EU,Android,2,4,7,6,135,1
437,27891,2026-09-24,2026-08-11,US,Web,12,3,1,1,200,1
438,27892,2026-09-24,2026-08-11,Rest,iOS,4,1,0,0,44,0
439,27893,2026-09-24,2026-08-11,India,Android,1,1,6,5,127,0
440,27895,2026-09-24,2026-08-11,India,Web,8,11,9,6,323,0
441,27896,2026-09-24,2026-08-11,Rest,iOS,5,2,3,4,95,1
442,27898,2026-09-24,2026-08-11,US,Web,1,1,3,2,43,0
443,27899,2026-09-24,2026-08-11,US,iOS,2,1,1,1,26,0
444,27900,2026-09-24,2026-08-12,India,iOS,5,4,0,3,77,1
445,27903,2026-09-24,2026-08-12,US,Web,7,1,7,2,156,1
446,27904,2026-09-24,2026-08-12,India,Web,5,0,2,6,21,0
447,27905,2026-09-24,2026-08-12,India,iOS,1,2,2,2,82,1
448,27906,2026-09-24,2026-08-12,EU,Web,6,3,6,5,184,1
449,27908,2026-09-24,2026-08-12,EU,Web,5,0,0,1,21,1
450,27911,2026-09-24,2026-08-12,India,Android,2,0,0,1,10,0
451,27915,2026-09-24,2026-08-12,Rest,iOS,1,0,1,1,17,0
452,27916,2026-09-24,2026-08-12,US,Web,2,2,2,2,63,1
453,27919,2026-09-24,2026-08-12,Rest,Android,2,3,2,1,83,0
454,27922,2026-09-24,2026-08-12,US,Android,5,9,6,7,221,1
455,27924,2026-09-24,2026-08-12,US,iOS,2,1,1,3,46,0
456,27926,2026-09-24,2026-08-12,US,iOS,0,1,2,3,34,0
457,27927,2026-09-24,2026-08-12,Rest,Web,2,1,0,0,53,0
458,27928,2026-09-24,2026-08-12,India,Web,3,0,1,2,60,0
459,27933,2026-09-24,2026-08-12,India,Web,3,10,5,3,162,1
460,27934,2026-09-24,2026-08-12,EU,iOS,2,3,3,2,64,1
461,27935,2026-09-24,2026-08-12,EU,iOS,4,4,2,5,145,1
462,27936,2026-09-24,2026-08-12,US,Web,3,2,2,3,141,1
463,27938,2026-09-24,2026-08-12,Rest,iOS,10,7,5,4,254,1
464,27939,2026-09-24,2026-08-12,US,Web,1,2,0,0,20,1
465,27940,2026-09-24,2026-08-12,US,iOS,3,3,6,4,132,1
466,27941,2026-09-24,2026-08-12,US,iOS,3,1,4,7,65,1
467,27943,2026-09-24,2026-08-12,US,Android,1,0,4,1,33,0
468,27948,2026-09-24,2026-08-12,EU,Web,11,0,2,6,92,0
469,27949,2026-09-24,2026-08-12,EU,iOS,8,8,8,12,300,1
470,27950,2026-09-24,2026-08-12,US,Android,7,2,3,4,146,1
471,27951,2026-09-24,2026-08-12,US,Android,5,3,4,4,99,1
472,27952,2026-09-24,2026-08-12,US,Web,6,6,4,1,115,0
473,27954,2026-09-24,2026-08-12,India,Web,0,0,1,1,6,0
474,27955,2026-09-24,2026-08-12,US,Android,0,1,2,2,29,0
475,27956,2026-09-24,2026-08-12,US,Android,5,1,1,2,82,1
476,27957,2026-09-24,2026-08-12,India,Android,2,0,1,2,61,1
477,27960,2026-09-24,2026-08-12,India,Android,1,2,1,1,40,0
478,27961,2026-09-24,2026-08-12,US,iOS,0,1,5,5,51,1
479,27962,2026-09-24,2026-08-12,India,Android,3,3,2,1,79,1
480,27964,2026-09-24,2026-08-12,Rest,iOS,6,0,0,0,28,0
481,27965,2026-09-24,2026-08-12,US,Web,1,5,2,2,102,1
482,27966,2026-09-24,2026-08-12,India,iOS,3,2,4,2,52,1
483,27967,2026-09-24,2026-08-12,EU,Android,6,4,7,5,194,1
484,27970,2026-09-24,2026-08-12,India,iOS,1,3,0,3,27,1
485,27971,2026-09-24,2026-08-12,US,Android,6,1,0,2,70,0
486,27972,2026-09-24,2026-08-12,EU,iOS,0,1,1,1,12,0
487,27973,2026-09-24,2026-08-13,India,Android,5,1,1,2,79,0
488,27974,2026-09-24,2026-08-13,Rest,Android,3,0,0,1,22,0
489,27977,2026-09-24,2026-08-13,India,Web,7,4,3,3,156,1
490,27979,2026-09-24,2026-08-13,US,Web,6,2,0,3,97,0
491,27981,2026-09-24,2026-08-13,US,iOS,4,1,2,3,116,0
492,27982,2026-09-24,2026-08-13,EU,Android,16,3,2,3,390,1
493,27985,2026-09-24,2026-08-13,India,iOS,5,2,5,11,86,1
494,27988,2026-09-24,2026-08-13,EU,iOS,2,3,2,0,102,0
495,27992,2026-09-24,2026-08-13,EU,Web,10,1,1,2,79,0
496,27993,2026-09-24,2026-08-13,US,Web,6,5,2,9,180,1
497,27994,2026-09-24,2026-08-13,EU,Web,1,1,3,3,34,0
498,27996,2026-09-24,2026-08-13,Rest,Web,3,7,8,3,213,1
499,27998,2026-09-24,2026-08-13,US,Android,9,1,2,7,143,0
500,27999,2026-09-24,2026-08-13,India,Android,1,0,1,0,31,0
501,28003,2026-09-24,2026-08-13,Rest,iOS,4,1,1,1,55,0
502,28005,2026-09-24,2026-08-13,EU,Android,5,0,0,1,56,1
503,28008,2026-09-24,2026-08-13,India,iOS,0,5,3,1,163,0
504,28009,2026-09-24,2026-08-13,Rest,iOS,5,8,5,5,180,0
505,28014,2026-09-24,2026-08-13,US,iOS,7,9,9,11,283,1
506,28016,2026-09-24,2026-08-13,Rest,iOS,5,1,2,0,108,0
507,28019,2026-09-24,2026-08-13,EU,Android,3,2,4,5,65,1
508,28020,2026-09-24,2026-08-13,India,iOS,5,1,2,5,112,0
509,28021,2026-09-24,2026-08-13,US,Web,4,0,0,2,10,0
510,28022,2026-09-24,2026-08-13,US,Web,2,1,1,3,39,0
511,28024,2026-09-24,2026-08-13,US,iOS,3,1,2,3,38,1
512,28025,2026-09-24,2026-08-13,Rest,Android,13,2,1,4,125,0
513,28027,2026-09-24,2026-08-13,India,iOS,4,0,1,4,74,0
514,28028,2026-09-24,2026-08-13,US,Android,7,9,9,5,217,1
515,28029,2026-09-24,2026-08-13,EU,iOS,0,0,0,0,0,0
516,28032,2026-09-24,2026-08-14,EU,iOS,1,3,5,5,51,1
517,28033,2026-09-24,2026-08-14,US,Android,6,2,5,12,207,1
518,28035,2026-09-24,2026-08-14,US,iOS,3,4,3,8,190,0
519,28036,2026-09-24,2026-08-14,US,iOS,5,2,3,2,127,1
520,28038,2026-09-24,2026-08-14,Rest,iOS,6,5,2,2,166,0
521,28039,2026-09-24,2026-08-14,India,Android,4,4,2,10,141,0
522,28040,2026-09-24,2026-08-14,EU,Web,0,1,1,0,20,0
523,28042,2026-09-24,2026-08-14,Rest,Android,4,3,3,5,89,1
524,28043,2026-09-24,2026-08-14,Rest,Web,6,2,6,0,123,1
525,28045,2026-09-24,2026-08-14,US,iOS,2,6,4,3,119,1
526,28047,2026-09-24,2026-08-14,US,iOS,1,0,0,0,4,0
527,28049,2026-09-24,2026-08-14,EU,Android,3,1,2,1,55,0
528,28050,2026-09-24,2026-08-14,India,iOS,9,2,0,1,109,0
529,28051,2026-09-24,2026-08-14,Rest,iOS,7,5,6,4,153,1
530,28052,2026-09-24,2026-08-14,EU,Android,6,5,4,11,209,0
531,28055,2026-09-24,2026-08-14,EU,Android,0,1,0,0,12,0
532,28057,2026-09-24,2026-08-14,US,Android,5,0,2,3,133,0
533,28060,2026-09-24,2026-08-14,US,Android,2,0,0,0,11,0
534,28061,2026-09-24,2026-08-14,US,Web,1,2,0,1,17,1
535,28063,2026-09-24,2026-08-14,EU,Android,1,0,0,0,43,0
536,28067,2026-09-24,2026-08-14,US,Android,2,2,4,4,86,1
537,28071,2026-09-24,2026-08-14,US,iOS,4,2,1,3,120,1
538,28075,2026-09-24,2026-08-14,US,Web,7,3,0,4,161,0
539,28076,2026-09-24,2026-08-14,Rest,iOS,19,0,3,16,259,1
540,28077,2026-09-24,2026-08-14,Rest,iOS,7,2,3,6,113,0
541,28078,2026-09-24,2026-08-14,US,Web,4,1,1,1,65,0
542,28079,2026-09-24,2026-08-14,US,Web,5,5,1,2,116,0
543,28082,2026-09-24,2026-08-14,India,Web,5,5,4,3,149,0
544,28084,2026-09-24,2026-08-14,US,iOS,3,8,6,3,207,1
545,28087,2026-09-24,2026-08-14,EU,iOS,4,2,3,1,89,1
546,28089,2026-09-24,2026-08-14,EU,Web,4,0,0,1,28,0
547,28093,2026-09-24,2026-08-14,India,iOS,1,4,4,5,109,1
548,28094,2026-09-24,2026-08-14,EU,Android,14,2,0,9,145,0
549,28095,2026-09-24,2026-08-14,EU,Web,3,5,3,4,137,0
550,28096,2026-09-24,2026-08-14,EU,Android,3,5,5,6,128,1
551,28097,2026-09-24,2026-08-14,US,Web,4,1,1,1,20,0
552,28098,2026-09-24,2026-08-14,EU,iOS,4,3,3,4,139,1
553,28099,2026-09-24,2026-08-14,Rest,Android,6,1,3,1,106,0
554,28100,2026-09-24,2026-08-14,US,Web,3,2,1,1,62,1
555,28101,2026-09-24,2026-08-14,India,Web,0,0,2,1,13,0
556,28102,2026-09-24,2026-08-14,US,Android,9,5,2,11,234,1
557,28104,2026-09-24,2026-08-14,India,Web,2,2,2,1,100,0
558,28105,2026-09-24,2026-08-14,US,Web,3,0,2,2,50,1
559,28106,2026-09-24,2026-08-14,Rest,iOS,0,6,2,1,52,1
560,28108,2026-09-24,2026-08-14,EU,Web,15,9,7,23,337,1
561,28109,2026-09-24,2026-08-14,US,iOS,13,0,0,11,170,0
562,28111,2026-09-24,2026-08-15,US,Android,0,1,2,2,41,1
563,28113,2026-09-24,2026-08-15,US,Web,10,1,1,3,89,1
564,28115,2026-09-24,2026-08-15,US,Android,2,1,1,3,129,1
565,28117,2026-09-24,2026-08-15,Rest,Web,3,1,5,2,121,0
566,28118,2026-09-24,2026-08-15,India,Web,0,5,1,3,72,0
567,28120,2026-09-24,2026-08-15,India,Android,0,2,1,1,85,1
568,28124,2026-09-24,2026-08-15,Rest,Android,5,1,0,5,40,0
569,28126,2026-09-24,2026-08-15,Rest,Web,1,2,5,1,64,0
570,28128,2026-09-24,2026-08-15,India,iOS,1,1,1,0,39,0
571,28129,2026-09-24,2026-08-15,US,iOS,4,4,9,1,192,1
572,28130,2026-09-24,2026-08-15,India,Android,2,2,1,3,116,1
573,28133,2026-09-24,2026-08-15,US,iOS,6,2,5,5,184,1
574,28135,2026-09-24,2026-08-15,US,Android,2,2,1,5,40,0
575,28137,2026-09-24,2026-08-15,US,iOS,3,3,10,4,137,1
576,28139,2026-09-24,2026-08-15,US,Android,1,6,1,1,68,1
577,28141,2026-09-24,2026-08-15,Rest,iOS,3,2,3,6,164,1
578,28144,2026-09-24,2026-08-15,Rest,Web,1,1,2,4,34,0
579,28146,2026-09-24,2026-08-15,India,Android,1,3,1,1,50,0
580,28148,2026-09-24,2026-08-15,Rest,Web,0,2,0,0,7,0
581,28149,2026-09-24,2026-08-15,India,iOS,1,2,1,2,31,1
582,28150,2026-09-24,2026-08-15,US,Web,7,6,3,2,199,1
583,28151,2026-09-24,2026-08-15,US,Android,1,0,0,0,3,0
584,28154,2026-09-24,2026-08-15,Rest,Android,2,1,1,3,42,1
585,28155,2026-09-24,2026-08-15,EU,Web,4,3,2,4,128,1
586,28161,2026-09-24,2026-08-15,US,Web,2,2,8,5,107,1
587,28162,2026-09-24,2026-08-15,Rest,Android,2,6,4,1,117,1
588,28163,2026-09-24,2026-08-15,EU,iOS,0,0,4,1,35,0
589,28165,2026-09-24,2026-08-15,Rest,iOS,2,2,3,6,51,1
590,28166,2026-09-24,2026-08-15,Rest,Android,3,1,4,4,99,1
591,28167,2026-09-24,2026-08-15,US,Android,4,7,2,4,130,1
592,28168,2026-09-24,2026-08-15,EU,Web,1,0,1,0,25,0
593,28173,2026-09-24,2026-08-15,Rest,iOS,2,3,3,2,72,1
594,28174,2026-09-24,2026-08-15,US,Web,0,1,1,2,23,0
595,28175,2026-09-24,2026-08-15,US,iOS,4,2,0,1,90,0
596,28176,2026-09-24,2026-08-15,India,Web,5,3,2,7,134,1
597,28178,2026-09-24,2026-08-15,EU,Android,3,4,3,2,104,0
598,28179,2026-09-24,2026-08-15,US,iOS,1,0,0,1,8,0
599,28183,2026-09-24,2026-08-15,US,iOS,3,3,3,2,131,1
600,28186,2026-09-24,2026-08-16,India,Web,20,1,4,6,248,0
601,28190,2026-09-24,2026-08-16,Rest,Android,6,5,11,13,122,1
602,28194,2026-09-24,2026-08-16,US,Web,5,3,1,4,165,1
603,28195,2026-09-24,2026-08-16,India,Android,1,2,3,2,44,0
604,28197,2026-09-24,2026-08-16,Rest,Web,2,7,2,4,148,1
605,28198,2026-09-24,2026-08-16,US,iOS,4,2,1,3,112,1
606,28200,2026-09-24,2026-08-16,India,Web,6,6,2,2,165,1
607,28202,2026-09-24,2026-08-16,US,Android,3,2,7,4,117,1
608,28203,2026-09-24,2026-08-16,US,Web,1,0,1,0,43,0
609,28204,2026-09-24,2026-08-16,EU,iOS,4,1,1,2,54,0
610,28205,2026-09-24,2026-08-16,US,Web,2,5,6,4,163,1
611,28206,2026-09-24,2026-08-16,US,Web,1,5,1,2,77,1
612,28207,2026-09-24,2026-08-16,EU,Web,2,2,4,1,113,0
613,28208,2026-09-24,2026-08-16,US,Web,2,2,4,2,150,1
614,28212,2026-09-24,2026-08-16,US,iOS,6,5,9,5,215,1
615,28218,2026-09-24,2026-08-16,US,iOS,1,0,1,0,15,0
616,28219,2026-09-24,2026-08-16,EU,iOS,0,5,4,0,97,0
617,28220,2026-09-24,2026-08-16,US,iOS,5,6,4,6,154,1
618,28222,2026-09-24,2026-08-16,EU,Android,7,4,4,0,148,1
619,28223,2026-09-24,2026-08-16,EU,Android,2,0,2,1,50,0
620,28224,2026-09-24,2026-08-16,Rest,Android,5,0,0,1,56,0
621,28225,2026-09-24,2026-08-16,Rest,iOS,4,4,3,9,100,1
622,28227,2026-09-24,2026-08-16,US,iOS,1,3,1,3,62,0
623,28229,2026-09-24,2026-08-16,EU,Web,2,2,2,3,51,0
624,28232,2026-09-24,2026-08-16,US,iOS,10,11,7,3,247,1
625,28233,2026-09-24,2026-08-16,Rest,iOS,1,3,2,1,85,1
626,28234,2026-09-24,2026-08-16,US,iOS,3,1,1,1,50,0
627,28235,2026-09-24,2026-08-16,Rest,Android,9,0,0,5,86,1
628,28237,2026-09-24,2026-08-16,Rest,Android,4,3,2,4,92,1
629,28238,2026-09-24,2026-08-16,US,Web,2,1,3,1,61,1
630,28239,2026-09-24,2026-08-16,EU,Android,2,4,0,3,40,1
631,28240,2026-09-24,2026-08-16,US,Web,5,2,3,1,98,1
632,28241,2026-09-24,2026-08-16,EU,Android,1,3,0,1,25,0
633,28242,2026-09-24,2026-08-16,India,Android,4,3,1,2,162,0
634,28243,2026-09-24,2026-08-16,India,iOS,5,6,9,3,202,1
635,28244,2026-09-24,2026-08-16,EU,Android,4,5,1,4,71,1
636,28245,2026-09-24,2026-08-16,Rest,Android,1,3,1,1,58,1
637,28248,2026-09-24,2026-08-16,EU,Web,4,6,7,5,173,1
638,28250,2026-09-24,2026-08-16,EU,Android,1,0,0,1,5,0
639,28251,2026-09-24,2026-08-16,US,iOS,2,0,1,3,40,0
640,28252,2026-09-24,2026-08-16,Rest,Android,0,0,3,2,16,0
641,28258,2026-09-24,2026-08-17,US,Web,8,3,1,2,74,0
642,28260,2026-09-24,2026-08-17,EU,Android,1,1,0,1,18,0
643,28262,2026-09-24,2026-08-17,EU,Web,11,1,2,2,173,0
644,28263,2026-09-24,2026-08-17,US,iOS,1,2,2,3,36,1
645,28264,2026-09-24,2026-08-17,India,Web,7,2,2,2,78,0
646,28265,2026-09-24,2026-08-17,US,Android,10,0,0,5,66,0
647,28268,2026-09-24,2026-08-17,Rest,Android,0,0,0,0,0,1
648,28269,2026-09-24,2026-08-17,Rest,Android,0,2,2,1,43,1
649,28271,2026-09-24,2026-08-17,Rest,Web,4,1,1,2,80,1
650,28272,2026-09-24,2026-08-17,US,Web,1,0,0,0,12,0
651,28276,2026-09-24,2026-08-17,US,iOS,32,3,4,27,383,0
652,28279,2026-09-24,2026-08-17,EU,Web,1,5,5,1,80,1
653,28281,2026-09-24,2026-08-17,Rest,Android,0,5,1,4,35,1
654,28282,2026-09-24,2026-08-17,Rest,Web,0,0,1,0,9,0
655,28283,2026-09-24,2026-08-17,EU,Android,4,1,2,3,110,1
656,28286,2026-09-24,2026-08-17,Rest,Web,2,1,3,1,56,1
657,28287,2026-09-24,2026-08-17,US,Android,8,6,11,18,237,1
658,28288,2026-09-24,2026-08-17,EU,Web,0,2,0,1,6,0
659,28290,2026-09-24,2026-08-17,EU,Web,10,4,4,2,195,1
660,28292,2026-09-24,2026-08-17,India,iOS,2,4,3,6,76,1
661,28293,2026-09-24,2026-08-17,Rest,Web,2,1,2,1,88,0
662,28295,2026-09-24,2026-08-17,US,Android,2,3,4,6,53,1
663,28296,2026-09-24,2026-08-17,EU,Android,2,2,2,4,81,1
664,28297,2026-09-24,2026-08-17,US,Android,4,1,1,1,64,0
665,28298,2026-09-24,2026-08-17,Rest,Android,1,2,4,5,64,0
666,28299,2026-09-24,2026-08-17,US,Android,0,0,1,1,7,0
667,28305,2026-09-24,2026-08-17,Rest,iOS,7,4,3,9,147,1
668,28308,2026-09-24,2026-08-17,India,Web,2,3,2,2,34,1
669,28309,2026-09-24,2026-08-17,Rest,Web,2,2,2,0,68,1
670,28310,2026-09-24,2026-08-17,India,Web,1,2,0,2,52,0
671,28311,2026-09-24,2026-08-17,Rest,Android,2,2,3,3,42,1
672,28313,2026-09-24,2026-08-17,US,Android,6,0,1,2,142,0
673,28314,2026-09-24,2026-08-17,US,Web,3,0,0,1,105,0
674,28315,2026-09-24,2026-08-17,US,Android,3,2,3,1,108,1
675,28317,2026-09-24,2026-08-17,US,Web,4,1,0,2,36,0
676,28318,2026-09-24,2026-08-17,US,Web,1,2,1,1,93,0
677,28319,2026-09-24,2026-08-17,US,iOS,4,3,4,10,85,1
678,28320,2026-09-24,2026-08-17,US,Android,4,6,5,10,183,1
679,28321,2026-09-24,2026-08-17,US,Android,3,9,1,3,230,1
680,28322,2026-09-24,2026-08-17,Rest,iOS,1,1,2,1,27,1
681,28323,2026-09-24,2026-08-17,India,Android,3,3,2,2,60,1
682,28324,2026-09-24,2026-08-17,Rest,iOS,5,2,7,4,99,1
683,28329,2026-09-24,2026-08-17,US,Android,6,0,0,5,39,0
684,28330,2026-09-24,2026-08-17,Rest,Android,26,0,0,4,265,0
685,28331,2026-09-24,2026-08-17,EU,iOS,2,4,5,0,103,1
686,28332,2026-09-24,2026-08-17,Rest,iOS,1,2,0,3,27,0
687,28334,2026-09-24,2026-08-17,Rest,Android,2,4,2,6,83,1
688,28336,2026-09-24,2026-08-18,India,Web,10,1,1,11,107,0
689,28338,2026-09-24,2026-08-18,India,iOS,6,4,2,7,98,1
690,28341,2026-09-24,2026-08-18,India,iOS,5,9,11,17,289,1
691,28344,2026-09-24,2026-08-18,US,Android,1,2,4,6,43,1
692,28345,2026-09-24,2026-08-18,US,Web,1,2,2,4,41,0
693,28346,2026-09-24,2026-08-18,India,iOS,2,0,2,0,48,1
694,28348,2026-09-24,2026-08-18,EU,Web,9,1,0,4,131,0
695,28352,2026-09-24,2026-08-18,Rest,Android,3,4,1,4,101,1
696,28355,2026-09-24,2026-08-18,US,Android,0,0,0,0,0,0
697,28356,2026-09-24,2026-08-18,India,Android,2,4,4,2,121,1
698,28362,2026-09-24,2026-08-18,EU,Android,13,1,0,11,169,0
699,28363,2026-09-24,2026-08-18,US,Android,3,6,2,3,82,0
700,28364,2026-09-24,2026-08-18,EU,iOS,1,2,3,4,61,1
701,28365,2026-09-24,2026-08-18,EU,Android,5,5,5,3,124,1
702,28366,2026-09-24,2026-08-18,Rest,iOS,4,2,0,3,33,0
703,28369,2026-09-24,2026-08-18,US,Android,6,1,2,7,81,0
704,28373,2026-09-24,2026-08-18,US,iOS,4,4,3,4,94,1
705,28376,2026-09-24,2026-08-18,Rest,iOS,3,11,8,9,257,1
706,28379,2026-09-24,2026-08-18,US,Web,13,7,8,5,313,0
707,28380,2026-09-24,2026-08-18,India,Web,6,11,6,10,242,1
708,28383,2026-09-24,2026-08-18,EU,iOS,0,0,0,0,0,0
709,28384,2026-09-24,2026-08-18,India,Android,13,3,0,3,168,1
710,28385,2026-09-24,2026-08-18,Rest,Android,1,0,2,1,16,0
711,28386,2026-09-24,2026-08-18,US,iOS,2,4,2,0,67,1
712,28388,2026-09-24,2026-08-18,US,iOS,4,10,8,11,266,1
713,28390,2026-09-24,2026-08-18,US,iOS,5,8,6,3,190,1
714,28395,2026-09-24,2026-08-18,EU,Android,3,4,7,4,92,1
715,28398,2026-09-24,2026-08-18,EU,Android,3,2,2,3,74,1
716,28403,2026-09-24,2026-08-18,US,Web,4,3,3,0,164,1
717,28404,2026-09-24,2026-08-18,India,iOS,0,3,0,1,16,0
718,28405,2026-09-24,2026-08-18,Rest,Web,2,1,2,3,159,1
719,28410,2026-09-24,2026-08-18,India,iOS,5,3,6,10,147,0
720,28415,2026-09-24,2026-08-19,US,Web,0,0,1,0,1,0
721,28417,2026-09-24,2026-08-19,EU,iOS,4,8,5,7,209,1
722,28419,2026-09-24,2026-08-19,US,iOS,7,1,4,3,229,1
723,28420,2026-09-24,2026-08-19,Rest,Android,5,0,2,3,56,0
724,28422,2026-09-24,2026-08-19,Rest,Web,3,1,4,4,67,1
725,28423,2026-09-24,2026-08-19,US,iOS,2,3,1,4,133,0
726,28424,2026-09-24,2026-08-19,US,Web,0,0,0,0,0,0
727,28429,2026-09-24,2026-08-19,US,Web,5,3,2,2,155,1
728,28430,2026-09-24,2026-08-19,Rest,Web,10,7,6,7,238,0
729,28431,2026-09-24,2026-08-19,US,iOS,21,0,5,7,281,1
730,28432,2026-09-24,2026-08-19,Rest,Web,1,1,4,2,60,0
731,28434,2026-09-24,2026-08-19,US,Android,7,0,1,1,63,0
732,28437,2026-09-24,2026-08-19,EU,Web,1,1,0,1,14,0
733,28439,2026-09-24,2026-08-19,US,iOS,1,4,5,8,81,1
734,28443,2026-09-24,2026-08-19,India,iOS,3,12,6,3,252,1
735,28446,2026-09-24,2026-08-19,Rest,iOS,3,5,2,7,96,1
736,28451,2026-09-24,2026-08-19,US,Android,5,6,6,7,151,1
737,28453,2026-09-24,2026-08-19,US,Web,6,6,6,5,164,0
738,28455,2026-09-24,2026-08-19,EU,iOS,3,2,0,0,55,0
739,28456,2026-09-24,2026-08-19,US,Android,0,1,0,0,15,0
740,28458,2026-09-24,2026-08-19,US,iOS,1,0,1,1,7,0
741,28459,2026-09-24,2026-08-19,US,iOS,12,3,2,9,246,0
742,28462,2026-09-24,2026-08-19,India,iOS,0,0,2,0,16,0
743,28463,2026-09-24,2026-08-19,US,Web,7,4,6,3,194,1
744,28464,2026-09-24,2026-08-19,US,iOS,13,5,8,5,231,1
745,28466,2026-09-24,2026-08-19,US,Web,4,0,6,8,88,1
746,28467,2026-09-24,2026-08-19,US,Web,6,0,2,1,59,1
747,28468,2026-09-24,2026-08-19,US,Android,8,5,0,5,162,1
748,28471,2026-09-24,2026-08-19,US,iOS,2,2,4,4,99,1
749,28474,2026-09-24,2026-08-19,US,iOS,0,0,2,1,21,0
750,28475,2026-09-24,2026-08-19,US,iOS,3,4,2,1,145,1
751,28477,2026-09-24,2026-08-19,Rest,iOS,3,2,2,2,69,1
752,28478,2026-09-24,2026-08-19,EU,Android,5,1,3,2,160,1
753,28479,2026-09-24,2026-08-19,Rest,iOS,2,3,7,1,118,1
754,28481,2026-09-24,2026-08-19,US,Android,4,1,3,5,59,1
755,28484,2026-09-24,2026-08-19,Rest,iOS,7,0,1,1,122,0
756,28485,2026-09-24,2026-08-19,Rest,iOS,29,1,1,12,277,0
757,28486,2026-09-24,2026-08-19,US,iOS,25,2,2,9,348,1
758,28488,2026-09-24,2026-08-19,US,Android,4,2,1,2,135,1
759,28490,2026-09-24,2026-08-19,US,iOS,6,6,3,12,139,1
760,28492,2026-09-24,2026-08-19,US,iOS,5,7,4,5,101,1
761,28495,2026-09-24,2026-08-20,US,iOS,0,1,1,2,12,0
762,28496,2026-09-24,2026-08-20,US,Web,1,2,1,0,75,1
763,28498,2026-09-24,2026-08-20,EU,Android,1,0,3,0,20,0
764,28499,2026-09-24,2026-08-20,EU,Web,3,1,3,3,67,1
765,28505,2026-09-24,2026-08-20,EU,Android,3,1,2,1,129,0
766,28506,2026-09-24,2026-08-20,US,Android,3,3,2,3,150,1
767,28508,2026-09-24,2026-08-20,EU,Web,0,1,2,1,18,0
768,28511,2026-09-24,2026-08-20,India,iOS,13,2,2,8,140,0
769,28512,2026-09-24,2026-08-20,US,Android,0,0,0,0,0,0
770,28517,2026-09-24,2026-08-20,EU,Android,1,0,1,0,43,1
771,28518,2026-09-24,2026-08-20,India,iOS,0,0,0,0,0,0
772,28521,2026-09-24,2026-08-20,India,iOS,10,4,6,4,175,1
773,28524,2026-09-24,2026-08-20,EU,Web,8,9,10,12,387,1
774,28527,2026-09-24,2026-08-20,US,iOS,2,0,0,1,18,1
775,28529,2026-09-24,2026-08-20,US,Web,4,3,2,2,95,1
776,28531,2026-09-24,2026-08-20,US,Android,2,3,8,1,133,0
777,28533,2026-09-24,2026-08-20,US,iOS,2,1,2,1,71,0
778,28535,2026-09-24,2026-08-20,EU,Android,1,3,2,3,71,0
779,28536,2026-09-24,2026-08-20,Rest,iOS,18,0,3,4,249,0
780,28541,2026-09-24,2026-08-20,India,Web,1,0,0,0,10,0
781,28543,2026-09-24,2026-08-20,EU,iOS,5,2,1,1,54,0
782,28548,2026-09-24,2026-08-20,EU,Android,4,4,7,3,123,1
783,28549,2026-09-24,2026-08-20,EU,Android,0,0,0,0,0,0
784,28551,2026-09-24,2026-08-20,Rest,Android,11,4,0,2,141,1
785,28552,2026-09-24,2026-08-20,US,Android,4,7,3,5,123,1
786,28553,2026-09-24,2026-08-20,EU,iOS,3,4,5,3,131,1
787,28558,2026-09-24,2026-08-21,Rest,Android,2,0,0,0,23,0
788,28559,2026-09-24,2026-08-21,India,Web,4,3,8,6,135,1
789,28563,2026-09-24,2026-08-21,Rest,iOS,1,2,2,3,32,1
790,28564,2026-09-24,2026-08-21,US,Android,9,1,1,3,110,0
791,28565,2026-09-24,2026-08-21,US,Android,0,1,1,2,12,0
792,28566,2026-09-24,2026-08-21,US,Web,3,3,4,4,104,1
793,28567,2026-09-24,2026-08-21,India,Web,5,0,0,3,73,1
794,28570,2026-09-24,2026-08-21,US,Web,2,6,8,3,196,1
795,28572,2026-09-24,2026-08-21,US,Web,2,1,2,1,70,0
796,28573,2026-09-24,2026-08-21,Rest,Web,1,2,1,0,29,0
797,28574,2026-09-24,2026-08-21,India,Android,9,8,9,5,214,1
798,28576,2026-09-24,2026-08-21,Rest,Web,0,4,4,0,97,1
799,28579,2026-09-24,2026-08-21,Rest,iOS,0,0,0,0,0,0
800,28580,2026-09-24,2026-08-21,Rest,Web,4,2,0,1,69,0
801,28582,2026-09-24,2026-08-21,India,Web,1,0,2,1,33,1
802,28586,2026-09-24,2026-08-21,US,Web,4,2,3,5,58,1
803,28591,2026-09-24,2026-08-21,India,Web,15,1,0,4,210,0
804,28592,2026-09-24,2026-08-21,Rest,iOS,4,0,0,2,19,0
805,28595,2026-09-24,2026-08-21,US,iOS,0,1,0,1,3,1
806,28596,2026-09-24,2026-08-21,Rest,Android,2,4,3,3,62,1
807,28599,2026-09-24,2026-08-21,EU,Web,2,0,1,1,82,0
808,28600,2026-09-24,2026-08-21,US,iOS,0,0,0,0,0,0
809,28602,2026-09-24,2026-08-21,India,Web,2,1,0,0,13,0
810,28603,2026-09-24,2026-08-21,India,iOS,5,5,4,3,113,1
811,28605,2026-09-24,2026-08-21,US,iOS,5,4,1,4,96,1
812,28607,2026-09-24,2026-08-21,Rest,Android,6,0,0,2,50,0
813,28610,2026-09-24,2026-08-21,US,Android,13,2,2,5,138,0
814,28613,2026-09-24,2026-08-21,India,Web,2,5,4,2,128,1
815,28615,2026-09-24,2026-08-21,US,iOS,14,1,0,6,118,0
816,28618,2026-09-24,2026-08-21,US,Web,18,16,16,5,629,0
817,28619,2026-09-24,2026-08-21,Rest,Android,3,4,1,2,112,0
818,28623,2026-09-24,2026-08-21,US,Android,5,3,2,3,93,1
819,28624,2026-09-24,2026-08-21,EU,Android,2,0,0,1,32,0
820,28625,2026-09-24,2026-08-21,US,Web,0,2,0,1,29,0
821,28627,2026-09-24,2026-08-21,US,iOS,2,3,0,1,85,1
822,28630,2026-09-24,2026-08-21,US,Android,4,5,23,7,376,1
823,28634,2026-09-24,2026-08-21,US,Android,7,3,5,3,108,1
824,28636,2026-09-24,2026-08-22,India,Web,1,8,9,1,165,0
825,28638,2026-09-24,2026-08-22,US,iOS,20,1,2,3,175,0
826,28639,2026-09-24,2026-08-22,US,iOS,20,2,1,4,290,0
827,28640,2026-09-24,2026-08-22,Rest,iOS,5,0,3,0,97,1
828,28643,2026-09-24,2026-08-22,Rest,Web,8,0,0,0,78,0
829,28644,2026-09-24,2026-08-22,US,iOS,0,0,0,0,0,0
830,28647,2026-09-24,2026-08-22,EU,Web,3,5,2,4,112,1
831,28648,2026-09-24,2026-08-22,US,Web,1,5,5,5,88,1
832,28649,2026-09-24,2026-08-22,EU,Android,6,0,1,4,30,0
833,28650,2026-09-24,2026-08-22,US,Android,0,1,0,1,11,0
834,28653,2026-09-24,2026-08-22,US,Android,5,0,0,2,25,1
835,28654,2026-09-24,2026-08-22,US,Web,5,0,0,4,31,0
836,28656,2026-09-24,2026-08-22,EU,Android,37,3,1,14,339,0
837,28658,2026-09-24,2026-08-22,US,iOS,37,4,1,18,555,0
838,28659,2026-09-24,2026-08-22,EU,iOS,8,1,0,1,115,0
839,28661,2026-09-24,2026-08-22,US,iOS,18,8,9,21,311,1
840,28664,2026-09-24,2026-08-22,US,Web,0,2,3,1,64,1
841,28671,2026-09-24,2026-08-22,EU,Android,1,0,1,1,13,0
842,28673,2026-09-24,2026-08-22,US,Android,9,6,2,5,215,1
843,28675,2026-09-24,2026-08-22,India,iOS,4,2,3,6,64,1
844,28677,2026-09-24,2026-08-22,US,iOS,7,0,1,4,137,0
845,28678,2026-09-24,2026-08-22,India,Android,5,3,2,8,122,1
846,28688,2026-09-24,2026-08-22,India,Android,4,6,4,2,126,1
847,28689,2026-09-24,2026-08-22,India,Web,2,1,0,1,21,0
848,28691,2026-09-24,2026-08-22,India,Web,1,2,0,0,3,0
849,28693,2026-09-24,2026-08-22,India,Android,1,4,3,2,45,1
850,28696,2026-09-24,2026-08-22,India,iOS,2,2,2,2,46,0
851,28699,2026-09-24,2026-08-22,US,iOS,11,0,1,2,71,1
852,28702,2026-09-24,2026-08-22,US,Web,3,2,1,6,63,1
853,28703,2026-09-24,2026-08-22,EU,iOS,6,0,3,2,148,0
854,28706,2026-09-24,2026-08-22,Rest,Android,0,3,1,1,33,1
855,28708,2026-09-24,2026-08-23,India,iOS,0,1,0,1,15,0
856,28709,2026-09-24,2026-08-23,EU,Web,1,2,3,0,58,0
857,28716,2026-09-24,2026-08-23,EU,Web,10,7,3,6,193,0
858,28718,2026-09-24,2026-08-23,Rest,Android,4,2,1,1,79,1
859,28719,2026-09-24,2026-08-23,India,iOS,3,3,5,9,88,1
860,28721,2026-09-24,2026-08-23,EU,Web,8,6,4,13,122,0
861,28722,2026-09-24,2026-08-23,India,Web,4,5,5,1,160,1
862,28723,2026-09-24,2026-08-23,EU,Android,9,16,13,12,356,1
863,28725,2026-09-24,2026-08-23,Rest,Android,1,0,0,1,5,0
864,28729,2026-09-24,2026-08-23,US,Android,0,5,4,2,78,0
865,28730,2026-09-24,2026-08-23,Rest,iOS,4,0,0,1,29,0
866,28731,2026-09-24,2026-08-23,US,Android,2,0,4,2,107,1
867,28734,2026-09-24,2026-08-23,US,Android,2,7,1,7,86,1
868,28738,2026-09-24,2026-08-23,Rest,iOS,15,1,2,8,239,1
869,28739,2026-09-24,2026-08-23,Rest,Web,3,6,9,4,213,1
870,28743,2026-09-24,2026-08-23,Rest,iOS,6,1,7,9,165,1
871,28745,2026-09-24,2026-08-23,India,Web,2,1,2,2,59,1
872,28749,2026-09-24,2026-08-23,US,iOS,2,0,2,2,61,1
873,28750,2026-09-24,2026-08-23,US,Android,5,0,1,3,58,0
874,28752,2026-09-24,2026-08-23,US,iOS,16,1,1,5,209,0
875,28753,2026-09-24,2026-08-23,US,iOS,1,1,1,2,43,0
876,28758,2026-09-24,2026-08-23,US,Web,3,3,2,4,87,1
877,28759,2026-09-24,2026-08-23,India,Web,21,2,1,15,213,0
878,28761,2026-09-24,2026-08-23,US,Android,0,2,0,1,7,0
879,28762,2026-09-24,2026-08-23,EU,iOS,7,10,8,4,277,1
880,28763,2026-09-24,2026-08-23,US,Web,6,1,1,2,93,1
881,28765,2026-09-24,2026-08-23,US,iOS,4,1,0,4,75,0
882,28766,2026-09-24,2026-08-23,EU,iOS,2,0,0,1,14,0
883,28767,2026-09-24,2026-08-23,US,iOS,2,0,0,2,6,1
884,28768,2026-09-24,2026-08-23,EU,Web,3,4,8,5,207,1
885,28770,2026-09-24,2026-08-23,EU,iOS,0,3,1,2,46,0
886,28772,2026-09-24,2026-08-24,US,Web,2,6,3,2,57,1
887,28776,2026-09-24,2026-08-24,EU,Web,2,2,0,0,26,1
888,28778,2026-09-24,2026-08-24,India,iOS,6,4,2,10,105,1
889,28779,2026-09-24,2026-08-24,Rest,Web,3,4,4,1,102,1
890,28780,2026-09-24,2026-08-24,EU,Web,5,5,8,7,199,1
891,28781,2026-09-24,2026-08-24,EU,Web,3,1,0,2,42,1
892,28784,2026-09-24,2026-08-24,US,Android,4,6,6,3,149,1
893,28787,2026-09-24,2026-08-24,India,iOS,4,4,3,2,90,1
894,28788,2026-09-24,2026-08-24,EU,Web,4,8,2,9,126,1
895,28792,2026-09-24,2026-08-24,US,iOS,6,0,2,5,76,1
896,28793,2026-09-24,2026-08-24,EU,Web,2,1,0,0,36,0
897,28795,2026-09-24,2026-08-24,US,iOS,1,0,3,1,49,0
898,28796,2026-09-24,2026-08-24,India,Web,6,1,4,4,126,1
899,28797,2026-09-24,2026-08-24,US,iOS,6,4,8,6,270,1
900,28804,2026-09-24,2026-08-24,EU,Android,4,1,2,2,47,1
901,28808,2026-09-24,2026-08-24,India,iOS,6,8,8,13,200,1
902,28810,2026-09-24,2026-08-24,Rest,Web,0,2,0,0,53,0
903,28814,2026-09-24,2026-08-24,US,iOS,4,2,6,7,154,1
904,28816,2026-09-24,2026-08-24,India,Web,7,0,1,3,74,0
905,28818,2026-09-24,2026-08-24,EU,Web,1,1,0,1,39,0
906,28822,2026-09-24,2026-08-24,US,iOS,1,7,2,8,100,1
907,28826,2026-09-24,2026-08-24,US,iOS,3,1,0,2,44,1
908,28827,2026-09-24,2026-08-24,US,Android,15,0,2,6,130,0
909,28828,2026-09-24,2026-08-24,US,Web,5,2,0,3,127,0
910,28829,2026-09-24,2026-08-24,India,iOS,1,3,0,4,24,0
911,28830,2026-09-24,2026-08-24,Rest,iOS,5,7,1,9,96,1
912,28831,2026-09-24,2026-08-24,US,Android,1,0,0,0,2,0
913,28833,2026-09-24,2026-08-24,India,iOS,3,3,4,1,136,0
914,28836,2026-09-24,2026-08-24,US,Android,4,0,1,1,71,0
915,28838,2026-09-24,2026-08-24,US,Android,6,0,0,1,37,0
916,28839,2026-09-24,2026-08-24,Rest,iOS,16,1,3,3,154,1
917,28841,2026-09-24,2026-08-24,US,Web,2,0,3,1,16,0
918,28842,2026-09-24,2026-08-24,Rest,Web,14,2,0,3,148,0
919,28843,2026-09-24,2026-08-24,US,iOS,3,1,6,6,108,1
920,28844,2026-09-24,2026-08-24,EU,Android,6,0,0,2,55,1
921,28845,2026-09-24,2026-08-24,EU,Android,0,2,2,0,75,0
922,28847,2026-09-24,2026-08-24,EU,Android,0,5,1,1,61,0
923,28849,2026-09-24,2026-08-24,EU,Web,6,5,10,6,199,1
924,28850,2026-09-24,2026-08-24,India,Android,3,3,0,3,39,0
925,28852,2026-09-24,2026-08-24,US,Android,12,0,2,9,139,0
926,28859,2026-09-24,2026-08-25,India,iOS,9,8,4,7,161,1
927,28860,2026-09-24,2026-08-25,Rest,iOS,6,4,0,1,97,1
928,28861,2026-09-24,2026-08-25,US,iOS,13,11,4,11,278,1
929,28862,2026-09-24,2026-08-25,India,Web,4,4,5,5,140,0
930,28865,2026-09-24,2026-08-25,Rest,iOS,2,2,3,4,87,1
931,28868,2026-09-24,2026-08-25,India,iOS,2,0,1,3,42,0
932,28869,2026-09-24,2026-08-25,EU,iOS,9,0,0,3,103,1
933,28871,2026-09-24,2026-08-25,EU,Android,6,5,8,12,215,1
934,28875,2026-09-24,2026-08-25,US,Android,2,1,4,2,65,0
935,28878,2026-09-24,2026-08-25,India,Android,0,0,0,0,0,0
936,28879,2026-09-24,2026-08-25,US,Web,1,0,0,0,2,0
937,28880,2026-09-24,2026-08-25,US,iOS,0,0,0,0,0,0
938,28883,2026-09-24,2026-08-25,Rest,Android,2,2,0,1,29,1
939,28884,2026-09-24,2026-08-25,US,Web,1,3,1,2,59,1
940,28886,2026-09-24,2026-08-25,India,iOS,1,0,0,0,14,0
941,28887,2026-09-24,2026-08-25,Rest,iOS,6,2,1,6,60,0
942,28889,2026-09-24,2026-08-25,India,iOS,9,6,5,11,203,1
943,28891,2026-09-24,2026-08-25,US,Android,3,1,1,2,29,0
944,28899,2026-09-24,2026-08-25,US,Android,8,6,6,3,212,1
945,28900,2026-09-24,2026-08-25,EU,Web,1,0,2,3,36,1
946,28901,2026-09-24,2026-08-25,India,Android,1,0,0,0,23,0
947,28903,2026-09-24,2026-08-25,Rest,Web,0,1,1,0,8,0
948,28906,2026-09-24,2026-08-25,Rest,iOS,2,4,3,7,114,1
949,28907,2026-09-24,2026-08-25,US,Android,7,0,0,2,80,0
950,28909,2026-09-24,2026-08-25,US,iOS,2,1,5,2,112,1
951,28910,2026-09-24,2026-08-25,India,Web,2,4,4,5,101,0
952,28911,2026-09-24,2026-08-25,US,iOS,1,1,4,6,31,1
953,28913,2026-09-24,2026-08-25,EU,Android,6,4,5,5,177,1
954,28916,2026-09-24,2026-08-25,US,Web,8,4,4,3,134,0
955,28918,2026-09-24,2026-08-25,US,iOS,3,5,5,4,153,1
956,28919,2026-09-24,2026-08-25,US,Web,0,0,0,0,0,0
957,28920,2026-09-24,2026-08-25,US,iOS,0,0,2,2,19,1
958,28922,2026-09-24,2026-08-25,US,iOS,12,3,1,12,242,1
959,28923,2026-09-24,2026-08-25,US,Web,4,2,6,6,75,0
960,28926,2026-09-24,2026-08-26,US,Android,2,1,4,1,77,1
961,28927,2026-09-24,2026-08-26,US,iOS,1,1,1,2,79,0
962,28930,2026-09-24,2026-08-26,US,Android,1,0,4,4,65,0
963,28931,2026-09-24,2026-08-26,US,iOS,2,1,1,0,37,0
964,28932,2026-09-24,2026-08-26,Rest,Android,17,2,2,9,202,0
965,28933,2026-09-24,2026-08-26,US,Web,5,6,7,3,146,1
966,28934,2026-09-24,2026-08-26,Rest,iOS,25,3,2,15,300,0
967,28935,2026-09-24,2026-08-26,Rest,Web,9,8,1,10,154,0
968,28936,2026-09-24,2026-08-26,US,Android,13,15,11,14,455,1
969,28937,2026-09-24,2026-08-26,US,iOS,3,8,4,6,140,1
970,28939,2026-09-24,2026-08-26,India,Android,5,1,4,9,98,1
971,28942,2026-09-24,2026-08-26,US,Android,7,6,7,13,232,1
972,28943,2026-09-24,2026-08-26,EU,Android,1,0,1,1,5,0
973,28946,2026-09-24,2026-08-26,Rest,Android,8,1,0,3,61,0
974,28947,2026-09-24,2026-08-26,US,iOS,4,3,7,6,91,1
975,28949,2026-09-24,2026-08-26,Rest,iOS,1,3,1,0,61,0
976,28950,2026-09-24,2026-08-26,India,iOS,9,0,1,3,98,1
977,28951,2026-09-24,2026-08-26,EU,Web,0,2,1,3,26,1
978,28954,2026-09-24,2026-08-26,US,Web,4,3,7,2,99,1
979,28956,2026-09-24,2026-08-26,India,Android,19,1,1,11,153,0
980,28961,2026-09-24,2026-08-26,Rest,Web,10,0,1,1,119,0
981,28963,2026-09-24,2026-08-26,US,iOS,4,6,7,4,135,1
982,28966,2026-09-24,2026-08-26,EU,iOS,6,4,5,5,204,0
983,28969,2026-09-24,2026-08-26,US,Android,4,4,4,2,83,1
984,28970,2026-09-24,2026-08-26,US,iOS,6,2,1,1,102,0
985,28971,2026-09-24,2026-08-26,Rest,iOS,0,4,1,1,21,0
986,28975,2026-09-24,2026-08-26,EU,Web,4,1,5,1,120,1
987,28976,2026-09-24,2026-08-26,US,iOS,10,1,0,6,92,1
988,28977,2026-09-24,2026-08-26,US,iOS,0,0,1,1,2,0
989,28979,2026-09-24,2026-08-26,US,iOS,4,7,3,3,123,1
990,28980,2026-09-24,2026-08-26,Rest,Android,4,3,1,5,78,1
991,28983,2026-09-24,2026-08-26,EU,Android,0,0,3,3,26,0
992,28984,2026-09-24,2026-08-26,Rest,Android,5,2,10,4,196,0
993,28987,2026-09-24,2026-08-26,US,Web,8,2,4,8,231,1
994,28988,2026-09-24,2026-08-26,Rest,Web,1,0,0,0,9,0
995,28993,2026-09-24,2026-08-27,US,Android,6,3,2,7,148,1
996,28997,2026-09-24,2026-08-27,EU,iOS,0,0,3,2,50,0
997,29000,2026-09-24,2026-08-27,India,Web,3,4,3,9,112,1
998,29001,2026-09-24,2026-08-27,EU,Android,0,0,0,0,0,0
999,29002,2026-09-24,2026-08-27,EU,Android,2,3,1,2,55,1
1000,29003,2026-09-24,2026-08-27,US,Web,4,3,2,4,77,1
1001,29005,2026-09-24,2026-08-27,US,iOS,1,3,1,1,58,0
1002,29006,2026-09-24,2026-08-27,EU,iOS,3,2,3,2,32,1
1003,29007,2026-09-24,2026-08-27,EU,Web,2,0,0,0,8,0
1004,29009,2026-09-24,2026-08-27,Rest,iOS,1,2,4,3,101,1
1005,29015,2026-09-24,2026-08-27,US,Web,1,0,2,1,48,0
1006,29016,2026-09-24,2026-08-27,US,iOS,6,1,0,3,105,1
1007,29017,2026-09-24,2026-08-27,India,Android,6,3,2,4,199,1
1008,29019,2026-09-24,2026-08-27,US,iOS,0,0,0,0,0,0
1009,29020,2026-09-24,2026-08-27,India,iOS,2,0,0,1,7,0
1010,29021,2026-09-24,2026-08-27,Rest,Android,1,3,6,2,172,1
1011,29022,2026-09-24,2026-08-27,Rest,Android,1,3,3,0,82,0
1012,29023,2026-09-24,2026-08-27,EU,Android,2,0,2,2,47,0
1013,29025,2026-09-24,2026-08-27,US,Android,9,8,5,7,311,1
1014,29026,2026-09-24,2026-08-27,India,iOS,0,0,0,0,0,0
1015,29031,2026-09-24,2026-08-27,US,Web,2,3,5,1,82,1
1016,29035,2026-09-24,2026-08-27,EU,Android,5,1,3,5,111,1
1017,29036,2026-09-24,2026-08-27,US,Android,14,1,1,3,213,0
1018,29038,2026-09-24,2026-08-27,US,Android,13,1,1,8,143,1
1019,29039,2026-09-24,2026-08-27,India,Web,1,4,1,0,78,0
1020,29041,2026-09-24,2026-08-27,EU,Web,0,1,2,1,28,0
1021,29042,2026-09-24,2026-08-27,EU,iOS,2,5,3,3,155,1
1022,29043,2026-09-24,2026-08-27,India,iOS,1,4,2,6,85,0
1023,29046,2026-09-24,2026-08-27,US,iOS,2,3,1,1,21,1
1024,29047,2026-09-24,2026-08-27,US,Web,2,0,1,3,13,0
1025,29048,2026-09-24,2026-08-27,US,iOS,2,1,5,8,86,1
1026,29050,2026-09-24,2026-08-27,US,Web,3,3,2,3,76,1
1027,29055,2026-09-24,2026-08-27,US,Android,1,2,5,5,91,1
1028,29057,2026-09-24,2026-08-27,EU,Web,7,5,5,4,137,0
1029,29059,2026-09-24,2026-08-27,Rest,Android,6,1,0,2,82,0
1030,29062,2026-09-24,2026-08-27,Rest,iOS,4,4,3,2,150,1
1031,29066,2026-09-24,2026-08-27,EU,Android,0,1,1,1,14,0
1032,29067,2026-09-24,2026-08-27,US,iOS,2,8,4,5,104,1
1033,29068,2026-09-24,2026-08-27,US,Web,5,6,3,5,178,1
1034,29070,2026-09-24,2026-08-28,US,iOS,1,0,5,6,111,1
1035,29072,2026-09-24,2026-08-28,EU,Web,3,7,4,7,119,1
1036,29074,2026-09-24,2026-08-28,EU,Web,18,1,0,1,179,0
1037,29077,2026-09-24,2026-08-28,India,Android,3,4,4,2,132,1
1038,29083,2026-09-24,2026-08-28,US,Web,8,0,2,3,74,0
1039,29086,2026-09-24,2026-08-28,US,Web,6,7,3,10,175,1
1040,29089,2026-09-24,2026-08-28,Rest,Web,5,0,0,2,53,1
1041,29091,2026-09-24,2026-08-28,US,Android,8,4,2,1,168,1
1042,29092,2026-09-24,2026-08-28,US,Android,2,0,0,2,14,0
1043,29093,2026-09-24,2026-08-28,US,iOS,2,2,1,4,29,1
1044,29095,2026-09-24,2026-08-28,India,Android,1,3,2,3,41,0
1045,29098,2026-09-24,2026-08-28,India,Web,1,0,1,0,14,0
1046,29104,2026-09-24,2026-08-28,EU,iOS,0,3,0,2,44,0
1047,29106,2026-09-24,2026-08-28,US,Web,3,1,1,1,31,0
1048,29109,2026-09-24,2026-08-28,Rest,Android,3,1,5,3,109,1
1049,29114,2026-09-24,2026-08-28,India,Web,6,7,5,4,215,0
1050,29115,2026-09-24,2026-08-28,US,iOS,8,6,3,4,225,1
1051,29118,2026-09-24,2026-08-28,Rest,Android,0,2,0,0,31,0
1052,29121,2026-09-24,2026-08-28,US,Web,2,2,2,1,79,1
1053,29122,2026-09-24,2026-08-28,US,Web,0,2,2,1,69,1
1054,29123,2026-09-24,2026-08-28,EU,Android,0,2,1,3,37,0
1055,29125,2026-09-24,2026-08-28,US,iOS,1,4,2,2,46,1
1056,29127,2026-09-24,2026-08-28,Rest,Android,4,3,3,4,141,1
1057,29129,2026-09-24,2026-08-28,India,Android,0,3,0,3,28,0
1058,29130,2026-09-24,2026-08-28,India,Android,9,8,9,13,257,1
1059,29132,2026-09-24,2026-08-28,US,Web,5,13,13,3,327,1
1060,29133,2026-09-24,2026-08-28,US,iOS,4,1,6,2,116,1
1061,29135,2026-09-24,2026-08-28,US,iOS,0,3,0,1,37,0
1062,29136,2026-09-24,2026-08-28,India,Web,8,6,4,5,244,1
1063,29138,2026-09-24,2026-08-28,US,Web,3,8,13,7,299,1
1064,29140,2026-09-24,2026-08-29,Rest,iOS,3,4,2,3,90,1
1065,29141,2026-09-24,2026-08-29,US,iOS,2,4,2,5,65,1
1066,29145,2026-09-24,2026-08-29,US,Android,1,2,1,0,58,0
1067,29146,2026-09-24,2026-08-29,Rest,Web,3,3,3,4,85,1
1068,29147,2026-09-24,2026-08-29,US,Android,5,2,3,8,95,1
1069,29149,2026-09-24,2026-08-29,India,iOS,4,4,2,2,72,1
1070,29151,2026-09-24,2026-08-29,US,iOS,2,1,4,3,61,1
1071,29153,2026-09-24,2026-08-29,US,Android,3,1,8,2,82,1
1072,29154,2026-09-24,2026-08-29,US,Web,0,1,3,1,66,0
1073,29156,2026-09-24,2026-08-29,EU,Android,8,1,0,1,55,0
1074,29157,2026-09-24,2026-08-29,India,Web,3,4,4,8,121,1
1075,29158,2026-09-24,2026-08-29,Rest,Web,2,1,6,2,76,1
1076,29159,2026-09-24,2026-08-29,India,iOS,4,2,4,4,55,0
1077,29160,2026-09-24,2026-08-29,US,iOS,6,8,4,3,160,1
1078,29161,2026-09-24,2026-08-29,US,Web,2,1,0,2,20,0
1079,29162,2026-09-24,2026-08-29,Rest,Android,9,5,9,9,245,1
1080,29163,2026-09-24,2026-08-29,India,iOS,3,0,0,1,49,0
1081,29164,2026-09-24,2026-08-29,US,Android,4,4,3,2,65,0
1082,29169,2026-09-24,2026-08-29,India,Web,18,2,2,9,411,1
1083,29170,2026-09-24,2026-08-29,India,Android,6,1,1,4,72,1
1084,29172,2026-09-24,2026-08-29,EU,iOS,6,5,3,5,130,1
1085,29173,2026-09-24,2026-08-29,US,Android,3,4,10,7,163,1
1086,29174,2026-09-24,2026-08-29,EU,Android,6,2,1,3,108,0
1087,29178,2026-09-24,2026-08-29,India,iOS,6,6,7,13,217,0
1088,29180,2026-09-24,2026-08-29,Rest,Web,2,2,5,4,35,1
1089,29182,2026-09-24,2026-08-29,India,Android,4,0,1,1,70,0
1090,29184,2026-09-24,2026-08-29,US,Android,10,0,1,3,59,0
1091,29186,2026-09-24,2026-08-29,US,iOS,5,1,1,5,111,0
1092,29187,2026-09-24,2026-08-29,US,iOS,1,3,4,2,107,1
1093,29189,2026-09-24,2026-08-29,India,Android,5,1,1,7,49,0
1094,29191,2026-09-24,2026-08-29,US,iOS,13,0,1,5,143,0
1095,29194,2026-09-24,2026-08-29,Rest,Android,21,1,1,7,239,0
1096,29197,2026-09-24,2026-08-29,Rest,Web,2,2,1,1,21,1
1097,29200,2026-09-24,2026-08-29,India,Android,4,1,3,1,59,1
1098,29201,2026-09-24,2026-08-29,US,Web,3,0,1,0,37,0
1099,29203,2026-09-24,2026-08-29,EU,Android,2,1,0,0,18,0
1100,29211,2026-09-24,2026-08-29,US,Android,0,2,1,0,28,0
1101,29213,2026-09-24,2026-08-29,US,Web,2,0,3,2,58,1
1102,29215,2026-09-24,2026-08-30,Rest,Android,9,12,9,12,321,1
1103,29217,2026-09-24,2026-08-30,US,Web,5,10,14,4,341,1
1104,29218,2026-09-24,2026-08-30,EU,Web,3,3,5,5,142,1
1105,29219,2026-09-24,2026-08-30,US,iOS,0,3,3,3,90,0
1106,29220,2026-09-24,2026-08-30,US,iOS,14,3,1,1,240,0
1107,29221,2026-09-24,2026-08-30,US,iOS,2,3,4,4,65,1
1108,29222,2026-09-24,2026-08-30,India,iOS,1,1,0,1,18,0
1109,29224,2026-09-24,2026-08-30,US,Android,13,2,0,11,111,0
1110,29225,2026-09-24,2026-08-30,US,iOS,0,0,1,0,5,0
1111,29226,2026-09-24,2026-08-30,US,Android,26,1,1,8,370,0
1112,29228,2026-09-24,2026-08-30,US,iOS,3,1,0,1,65,1
1113,29230,2026-09-24,2026-08-30,US,Android,2,1,1,1,39,0
1114,29231,2026-09-24,2026-08-30,Rest,Android,2,2,0,0,36,0
1115,29233,2026-09-24,2026-08-30,US,Web,2,0,3,3,27,0
1116,29234,2026-09-24,2026-08-30,US,Web,2,3,3,4,99,1
1117,29235,2026-09-24,2026-08-30,India,iOS,1,3,2,3,61,1
1118,29240,2026-09-24,2026-08-30,Rest,Android,7,0,1,3,137,0
1119,29242,2026-09-24,2026-08-30,US,Web,1,0,0,0,1,0
1120,29249,2026-09-24,2026-08-30,EU,Web,0,3,7,0,77,1
1121,29250,2026-09-24,2026-08-30,Rest,iOS,9,3,1,7,214,1
1122,29252,2026-09-24,2026-08-30,EU,Web,0,0,1,1,3,0
1123,29253,2026-09-24,2026-08-30,EU,iOS,4,0,0,0,34,0
1124,29256,2026-09-24,2026-08-30,India,Web,0,0,0,0,0,0
1125,29257,2026-09-24,2026-08-30,Rest,Android,3,3,1,3,100,1
1126,29258,2026-09-24,2026-08-30,EU,iOS,3,8,3,1,208,1
1127,29259,2026-09-24,2026-08-30,US,Android,1,0,2,1,21,1
1128,29260,2026-09-24,2026-08-30,EU,iOS,2,0,0,1,39,1
1129,29266,2026-09-24,2026-08-30,US,iOS,6,5,2,5,248,1
1130,29270,2026-09-24,2026-08-30,Rest,Web,4,7,5,2,179,1
1131,29271,2026-09-24,2026-08-30,Rest,Android,13,1,3,11,213,1
1132,29272,2026-09-24,2026-08-30,EU,iOS,0,1,2,1,41,0
1133,29273,2026-09-24,2026-08-30,EU,Web,1,1,3,3,78,0
1134,29275,2026-09-24,2026-08-30,US,iOS,1,2,1,3,24,0
1135,29277,2026-09-24,2026-08-30,US,Web,3,2,4,3,81,1
1136,29278,2026-09-24,2026-08-30,US,iOS,1,0,0,0,6,0
1137,29282,2026-09-24,2026-08-30,EU,Android,0,2,0,0,11,0
1138,29285,2026-09-24,2026-08-30,US,iOS,2,1,2,0,45,0
1139,29286,2026-09-24,2026-08-30,US,iOS,5,6,2,8,188,1
1140,29288,2026-09-24,2026-08-30,Rest,Web,0,1,2,0,18,0
1141,29292,2026-09-24,2026-08-31,EU,Web,3,2,4,1,79,1
1142,29294,2026-09-24,2026-08-31,EU,Web,0,0,2,0,2,0
1143,29297,2026-09-24,2026-08-31,EU,Android,5,4,6,11,127,1
1144,29298,2026-09-24,2026-08-31,US,Android,12,6,4,12,210,1
1145,29302,2026-09-24,2026-08-31,Rest,Web,0,0,1,0,3,0
1146,29303,2026-09-24,2026-08-31,EU,Android,1,0,1,0,9,0
1147,29304,2026-09-24,2026-08-31,US,Web,5,0,0,2,100,0
1148,29305,2026-09-24,2026-08-31,US,Web,4,3,1,3,106,1
1149,29308,2026-09-24,2026-08-31,India,Web,4,6,4,10,101,1
1150,29311,2026-09-24,2026-08-31,US,Web,5,1,0,3,79,0
1151,29312,2026-09-24,2026-08-31,US,iOS,6,1,0,4,45,0
1152,29315,2026-09-24,2026-08-31,India,iOS,0,4,2,2,49,1
1153,29317,2026-09-24,2026-08-31,India,Web,7,8,1,1,188,0
1154,29319,2026-09-24,2026-08-31,India,Android,2,4,4,7,86,1
1155,29320,2026-09-24,2026-08-31,EU,iOS,3,7,6,7,129,1
1156,29321,2026-09-24,2026-08-31,EU,iOS,2,0,0,1,5,0
1157,29323,2026-09-24,2026-08-31,EU,Android,1,0,1,1,11,0
1158,29326,2026-09-24,2026-08-31,Rest,Android,3,1,2,5,56,0
1159,29329,2026-09-24,2026-08-31,Rest,Android,1,0,2,0,27,0
1160,29330,2026-09-24,2026-08-31,Rest,Android,0,1,3,3,38,0
1161,29332,2026-09-24,2026-08-31,EU,iOS,3,1,7,10,130,1
1162,29333,2026-09-24,2026-08-31,Rest,iOS,25,3,1,7,239,1
1163,29334,2026-09-24,2026-08-31,Rest,Web,3,3,1,2,99,1
1164,29335,2026-09-24,2026-08-31,India,Android,0,2,1,2,47,0
1165,29336,2026-09-24,2026-08-31,India,iOS,4,6,6,3,145,0
1166,29337,2026-09-24,2026-08-31,US,Android,0,3,2,4,34,1
1167,29341,2026-09-24,2026-08-31,US,Android,2,1,2,2,70,0
1168,29342,2026-09-24,2026-08-31,US,Android,6,0,1,2,134,0
1169,29343,2026-09-24,2026-08-31,EU,Android,5,6,9,9,149,1
1170,29344,2026-09-24,2026-08-31,EU,Android,10,1,3,1,180,0
1171,29345,2026-09-24,2026-08-31,US,Android,4,3,5,4,108,1
1172,29347,2026-09-24,2026-08-31,US,Android,0,0,0,0,0,0
1173,29349,2026-09-24,2026-08-31,India,Android,4,3,4,4,57,1
1174,29352,2026-09-24,2026-08-31,US,Android,1,3,2,1,77,1
1175,29353,2026-09-24,2026-08-31,India,Web,5,3,0,5,46,0
1176,29355,2026-09-24,2026-08-31,US,iOS,0,1,0,0,21,0
1177,29356,2026-09-24,2026-08-31,US,Android,1,2,5,3,61,1
1178,29357,2026-09-24,2026-08-31,US,Android,2,0,5,4,48,1
1179,29358,2026-09-24,2026-08-31,India,Web,3,2,4,4,78,1
1180,29360,2026-09-24,2026-08-31,Rest,iOS,1,3,4,5,78,1
1181,29362,2026-09-24,2026-09-01,India,iOS,6,0,1,3,32,0
1182,29364,2026-09-24,2026-09-01,US,iOS,4,3,6,11,183,1
1183,29365,2026-09-24,2026-09-01,US,Web,1,6,1,5,107,1
1184,29371,2026-09-24,2026-09-01,US,Android,2,2,0,1,36,0
1185,29372,2026-09-24,2026-09-01,Rest,iOS,22,1,3,15,287,1
1186,29376,2026-09-24,2026-09-01,EU,Web,15,2,1,1,289,0
1187,29377,2026-09-24,2026-09-01,US,iOS,0,0,1,0,1,0
1188,29379,2026-09-24,2026-09-01,Rest,iOS,13,1,0,6,146,0
1189,29380,2026-09-24,2026-09-01,US,Web,2,1,0,2,6,0
1190,29382,2026-09-24,2026-09-01,US,Web,7,7,6,6,223,1
1191,29386,2026-09-24,2026-09-01,India,Android,3,4,4,8,126,1
1192,29387,2026-09-24,2026-09-01,Rest,iOS,4,2,2,3,92,1
1193,29389,2026-09-24,2026-09-01,US,Android,0,1,0,0,9,0
1194,29391,2026-09-24,2026-09-01,Rest,iOS,17,0,1,7,226,0
1195,29392,2026-09-24,2026-09-01,EU,Web,1,1,2,0,13,0
1196,29394,2026-09-24,2026-09-01,Rest,iOS,0,0,4,1,16,0
1197,29395,2026-09-24,2026-09-01,EU,iOS,3,3,3,4,105,1
1198,29396,2026-09-24,2026-09-01,US,Web,4,8,3,1,108,1
1199,29402,2026-09-24,2026-09-01,India,iOS,9,9,6,6,266,1
1200,29403,2026-09-24,2026-09-01,US,Web,4,2,3,3,151,1
1201,29404,2026-09-24,2026-09-01,US,iOS,3,7,2,6,130,1
1202,29405,2026-09-24,2026-09-01,Rest,iOS,4,4,1,6,69,0
1203,29406,2026-09-24,2026-09-01,US,Android,2,3,8,8,156,1
1204,29408,2026-09-24,2026-09-01,US,Android,2,3,5,3,70,1
1205,29409,2026-09-24,2026-09-01,US,iOS,2,3,1,2,106,1
1206,29410,2026-09-24,2026-09-01,US,Web,6,2,0,2,92,1
1207,29411,2026-09-24,2026-09-01,US,Web,5,1,2,2,64,0
1208,29412,2026-09-24,2026-09-01,EU,Android,7,1,1,2,106,0
1209,29414,2026-09-24,2026-09-01,Rest,Web,0,0,0,0,0,0
1210,29415,2026-09-24,2026-09-01,US,Android,3,0,2,0,89,1
1211,29418,2026-09-24,2026-09-01,US,Web,4,8,12,13,292,0
1212,29420,2026-09-24,2026-09-01,US,Web,3,4,2,3,105,1
1213,29426,2026-09-24,2026-09-02,Rest,iOS,7,2,8,1,127,1
1214,29427,2026-09-24,2026-09-02,Rest,Web,1,4,4,3,64,1
1215,29428,2026-09-24,2026-09-02,EU,iOS,4,1,1,2,52,0
1216,29430,2026-09-24,2026-09-02,US,Android,4,4,3,6,135,1
1217,29432,2026-09-24,2026-09-02,EU,iOS,2,4,2,6,100,1
1218,29434,2026-09-24,2026-09-02,India,Android,8,4,2,9,80,0
1219,29435,2026-09-24,2026-09-02,US,Web,6,1,0,1,73,0
1220,29436,2026-09-24,2026-09-02,Rest,Web,13,0,2,4,158,1
1221,29439,2026-09-24,2026-09-02,US,Web,3,4,3,0,90,1
1222,29441,2026-09-24,2026-09-02,US,Web,3,1,0,2,57,0
1223,29444,2026-09-24,2026-09-02,Rest,Android,10,1,4,12,250,1
1224,29445,2026-09-24,2026-09-02,Rest,iOS,5,0,0,1,52,0
1225,29446,2026-09-24,2026-09-02,Rest,Android,3,6,4,2,95,1
1226,29449,2026-09-24,2026-09-02,India,Android,3,8,2,4,134,1
1227,29450,2026-09-24,2026-09-02,India,Android,5,7,7,8,165,1
1228,29452,2026-09-24,2026-09-02,US,Web,2,1,0,2,66,0
1229,29453,2026-09-24,2026-09-02,India,Android,3,7,4,4,148,0
1230,29456,2026-09-24,2026-09-02,US,Web,4,4,3,2,73,1
1231,29461,2026-09-24,2026-09-02,India,Web,3,3,7,9,138,1
1232,29465,2026-09-24,2026-09-02,US,iOS,10,2,0,8,124,0
1233,29466,2026-09-24,2026-09-02,EU,Web,12,7,5,12,236,1
1234,29468,2026-09-24,2026-09-02,EU,Web,14,0,0,8,139,0
1235,29471,2026-09-24,2026-09-02,US,Web,9,0,1,0,172,0
1236,29472,2026-09-24,2026-09-02,India,Android,2,2,3,0,42,0
1237,29474,2026-09-24,2026-09-02,Rest,Android,0,3,2,1,25,1
1238,29475,2026-09-24,2026-09-02,Rest,iOS,4,4,8,3,208,1
1239,29476,2026-09-24,2026-09-02,US,Android,3,1,2,1,79,1
1240,29477,2026-09-24,2026-09-02,US,Android,4,5,6,14,113,1
1241,29478,2026-09-24,2026-09-02,US,Web,1,2,2,3,30,1
1242,29480,2026-09-24,2026-09-02,Rest,iOS,7,0,0,0,51,0
1243,29486,2026-09-24,2026-09-03,EU,Web,4,4,4,6,124,1
1244,29488,2026-09-24,2026-09-03,EU,Web,3,4,7,2,83,1
1245,29489,2026-09-24,2026-09-03,US,Web,3,5,0,1,79,0
1246,29491,2026-09-24,2026-09-03,Rest,Web,3,0,1,1,63,0
1247,29492,2026-09-24,2026-09-03,EU,Web,3,1,1,2,54,1
1248,29494,2026-09-24,2026-09-03,India,Web,5,2,3,6,104,1
1249,29495,2026-09-24,2026-09-03,US,Android,1,0,1,1,17,1
1250,29496,2026-09-24,2026-09-03,EU,iOS,5,1,2,2,64,0
1251,29497,2026-09-24,2026-09-03,US,Android,6,1,1,5,83,1
1252,29499,2026-09-24,2026-09-03,Rest,iOS,3,4,4,1,132,0
1253,29503,2026-09-24,2026-09-03,India,Web,1,2,2,1,35,0
1254,29505,2026-09-24,2026-09-03,Rest,iOS,2,3,1,1,68,0
1255,29509,2026-09-24,2026-09-03,Rest,iOS,1,1,0,1,16,0
1256,29512,2026-09-24,2026-09-03,US,Web,8,4,1,7,142,0
1257,29514,2026-09-24,2026-09-03,EU,iOS,14,0,0,9,186,0
1258,29516,2026-09-24,2026-09-03,India,Android,2,1,1,1,27,1
1259,29517,2026-09-24,2026-09-03,EU,iOS,4,9,7,6,273,1
1260,29519,2026-09-24,2026-09-03,US,Android,2,2,0,2,23,0
1261,29521,2026-09-24,2026-09-03,India,Android,2,3,0,1,57,0
1262,29524,2026-09-24,2026-09-03,India,Web,6,10,4,3,282,0
1263,29525,2026-09-24,2026-09-03,Rest,Web,18,4,1,5,210,0
1264,29526,2026-09-24,2026-09-03,EU,Web,3,3,1,3,86,1
1265,29527,2026-09-24,2026-09-03,US,Web,0,2,1,0,68,1
1266,29530,2026-09-24,2026-09-03,Rest,Android,3,5,3,6,116,1
1267,29531,2026-09-24,2026-09-03,US,iOS,10,8,9,10,295,1
1268,29532,2026-09-24,2026-09-03,Rest,Web,2,10,3,5,179,0
1269,29533,2026-09-24,2026-09-03,Rest,iOS,7,1,1,2,90,0
1270,29535,2026-09-24,2026-09-03,Rest,Android,11,11,5,3,259,1
1271,29536,2026-09-24,2026-09-03,EU,iOS,3,2,3,2,118,1
1272,29537,2026-09-24,2026-09-03,US,Android,2,4,1,3,58,1
1273,29538,2026-09-24,2026-09-03,US,iOS,0,0,0,0,0,0
1274,29539,2026-09-24,2026-09-03,US,Android,3,3,2,2,65,1
1275,29540,2026-09-24,2026-09-03,US,Android,1,2,1,1,69,0
1276,29541,2026-09-24,2026-09-03,Rest,Web,2,1,0,1,19,0
1277,29543,2026-09-24,2026-09-03,India,Android,11,0,0,5,104,1
1278,29546,2026-09-24,2026-09-04,US,iOS,30,3,2,9,450,0
1279,29547,2026-09-24,2026-09-04,US,Web,3,1,0,4,21,0
1280,29548,2026-09-24,2026-09-04,US,iOS,0,4,2,3,74,1
1281,29550,2026-09-24,2026-09-04,India,Android,3,9,3,5,142,1
1282,29551,2026-09-24,2026-09-04,India,iOS,0,1,1,1,38,0
1283,29552,2026-09-24,2026-09-04,EU,iOS,1,2,1,4,27,0
1284,29555,2026-09-24,2026-09-04,India,Web,0,1,0,0,2,0
1285,29556,2026-09-24,2026-09-04,US,Web,0,1,1,1,13,1
1286,29560,2026-09-24,2026-09-04,Rest,iOS,5,5,3,9,94,1
1287,29561,2026-09-24,2026-09-04,US,Web,0,6,2,3,107,1
1288,29564,2026-09-24,2026-09-04,India,Web,0,0,3,0,29,0
1289,29565,2026-09-24,2026-09-04,Rest,iOS,2,6,1,3,84,1
1290,29567,2026-09-24,2026-09-04,US,iOS,0,0,0,0,0,0
1291,29569,2026-09-24,2026-09-04,US,iOS,2,3,3,1,77,1
1292,29571,2026-09-24,2026-09-04,EU,Web,0,0,1,0,10,0
1293,29573,2026-09-24,2026-09-04,Rest,iOS,17,1,0,5,276,0
1294,29575,2026-09-24,2026-09-04,Rest,Web,7,6,7,1,205,1
1295,29576,2026-09-24,2026-09-04,US,Android,2,1,1,3,72,1
1296,29578,2026-09-24,2026-09-04,India,Android,3,3,3,3,58,0
1297,29579,2026-09-24,2026-09-04,India,Android,4,1,1,0,51,0
1298,29580,2026-09-24,2026-09-04,US,Android,2,3,3,5,109,1
1299,29581,2026-09-24,2026-09-04,EU,Web,3,2,2,6,136,0
1300,29582,2026-09-24,2026-09-04,EU,iOS,2,2,5,4,94,1
1301,29583,2026-09-24,2026-09-04,US,Android,0,0,2,1,24,0
1302,29585,2026-09-24,2026-09-04,EU,Web,14,12,16,22,433,1
1303,29586,2026-09-24,2026-09-04,EU,Web,14,3,1,5,151,0
1304,29587,2026-09-24,2026-09-04,US,Web,6,0,1,5,99,1
1305,29590,2026-09-24,2026-09-04,India,Web,3,1,4,3,115,1
1306,29591,2026-09-24,2026-09-04,US,iOS,2,0,0,0,8,0
1307,29592,2026-09-24,2026-09-04,Rest,Android,9,7,6,11,182,1
1308,29594,2026-09-24,2026-09-04,India,Android,1,2,6,3,131,1
1309,29596,2026-09-24,2026-09-04,Rest,iOS,8,1,0,4,112,1
1310,29598,2026-09-24,2026-09-04,US,iOS,0,0,0,0,0,0
1311,29600,2026-09-24,2026-09-04,Rest,Android,1,4,0,3,22,0
1312,29602,2026-09-24,2026-09-04,US,Android,1,4,5,2,67,1
1313,29604,2026-09-24,2026-09-04,Rest,iOS,3,3,6,3,116,1
1314,29606,2026-09-24,2026-09-04,India,iOS,0,1,1,1,26,0
1315,29607,2026-09-24,2026-09-04,US,Web,1,2,1,1,37,0
1316,29609,2026-09-24,2026-09-04,EU,Web,1,1,3,2,81,1
1317,29613,2026-09-24,2026-09-04,India,iOS,7,2,0,4,77,0
1318,29614,2026-09-24,2026-09-04,India,Android,5,1,6,7,108,1
1474,29937,2026-09-24,2026-09-08,US,iOS,14,2,4,5,256,0
1319,29615,2026-09-24,2026-09-04,Rest,iOS,0,2,1,2,6,0
1320,29617,2026-09-24,2026-09-04,EU,iOS,4,3,2,3,133,1
1321,29621,2026-09-24,2026-09-04,India,iOS,7,9,8,13,208,1
1322,29625,2026-09-24,2026-09-04,US,Web,6,7,5,9,211,1
1323,29628,2026-09-24,2026-09-04,EU,iOS,6,3,3,6,143,1
1324,29630,2026-09-24,2026-09-05,EU,Android,3,1,3,2,39,1
1325,29631,2026-09-24,2026-09-05,Rest,Web,13,4,7,6,277,1
1326,29634,2026-09-24,2026-09-05,US,Android,3,1,1,3,22,1
1327,29635,2026-09-24,2026-09-05,India,Android,4,9,2,5,251,1
1328,29637,2026-09-24,2026-09-05,US,Android,5,6,2,4,95,0
1329,29638,2026-09-24,2026-09-05,US,Web,2,0,3,3,48,0
1330,29639,2026-09-24,2026-09-05,Rest,Web,13,5,8,5,401,1
1331,29640,2026-09-24,2026-09-05,Rest,Android,2,1,2,4,29,1
1332,29641,2026-09-24,2026-09-05,EU,Android,5,5,4,6,106,1
1333,29642,2026-09-24,2026-09-05,US,Android,2,2,1,2,39,1
1334,29644,2026-09-24,2026-09-05,Rest,Android,1,0,0,0,21,1
1335,29645,2026-09-24,2026-09-05,Rest,iOS,0,0,2,1,20,0
1336,29648,2026-09-24,2026-09-05,US,Android,5,5,0,9,105,1
1337,29649,2026-09-24,2026-09-05,US,iOS,2,2,3,4,40,1
1338,29650,2026-09-24,2026-09-05,EU,Web,0,0,0,0,0,0
1339,29652,2026-09-24,2026-09-05,Rest,Web,2,4,4,6,101,1
1340,29654,2026-09-24,2026-09-05,India,Web,13,0,2,1,190,0
1341,29656,2026-09-24,2026-09-05,EU,iOS,5,3,4,6,92,1
1342,29658,2026-09-24,2026-09-05,US,Android,8,2,0,8,130,0
1343,29661,2026-09-24,2026-09-05,US,iOS,0,0,0,0,0,0
1344,29662,2026-09-24,2026-09-05,Rest,iOS,15,1,0,5,142,0
1345,29665,2026-09-24,2026-09-05,EU,iOS,4,5,6,5,207,1
1346,29669,2026-09-24,2026-09-05,US,Web,4,5,5,0,191,1
1347,29671,2026-09-24,2026-09-05,EU,iOS,1,4,6,3,107,1
1348,29676,2026-09-24,2026-09-05,US,Android,9,3,5,4,146,1
1349,29682,2026-09-24,2026-09-05,India,iOS,2,1,2,2,50,1
1350,29685,2026-09-24,2026-09-05,US,Web,4,3,6,9,117,0
1351,29686,2026-09-24,2026-09-05,US,iOS,2,3,3,0,63,1
1352,29691,2026-09-24,2026-09-05,Rest,Android,2,1,4,3,70,1
1353,29692,2026-09-24,2026-09-05,EU,Web,3,0,0,0,24,0
1354,29693,2026-09-24,2026-09-05,EU,Android,2,0,0,2,7,0
1355,29694,2026-09-24,2026-09-05,Rest,iOS,2,1,0,2,52,1
1356,29698,2026-09-24,2026-09-05,US,Web,1,2,0,2,6,0
1357,29701,2026-09-24,2026-09-05,US,Android,5,3,1,7,143,1
1358,29704,2026-09-24,2026-09-06,US,iOS,8,5,8,6,183,1
1359,29705,2026-09-24,2026-09-06,India,iOS,1,3,3,3,110,1
1360,29706,2026-09-24,2026-09-06,Rest,iOS,2,0,0,0,34,0
1361,29707,2026-09-24,2026-09-06,US,iOS,0,4,3,3,50,1
1362,29709,2026-09-24,2026-09-06,EU,Android,10,4,8,12,291,1
1363,29715,2026-09-24,2026-09-06,EU,Web,6,5,3,6,126,1
1364,29717,2026-09-24,2026-09-06,US,Web,13,1,3,10,201,0
1365,29718,2026-09-24,2026-09-06,US,Web,1,1,2,1,59,0
1366,29719,2026-09-24,2026-09-06,US,iOS,2,1,1,1,52,0
1367,29720,2026-09-24,2026-09-06,US,Web,1,0,3,0,41,1
1368,29722,2026-09-24,2026-09-06,India,Web,4,1,3,4,94,1
1369,29723,2026-09-24,2026-09-06,India,Web,14,4,0,10,170,0
1370,29724,2026-09-24,2026-09-06,US,Android,2,0,2,3,37,0
1371,29726,2026-09-24,2026-09-06,India,Web,3,6,1,1,91,1
1372,29727,2026-09-24,2026-09-06,EU,iOS,22,0,2,14,225,1
1373,29729,2026-09-24,2026-09-06,US,iOS,1,3,0,2,24,0
1374,29732,2026-09-24,2026-09-06,US,iOS,1,3,3,3,75,1
1375,29733,2026-09-24,2026-09-06,EU,iOS,13,0,0,6,90,0
1376,29736,2026-09-24,2026-09-06,US,Web,1,2,2,0,43,1
1377,29739,2026-09-24,2026-09-06,US,Android,17,3,0,7,155,0
1378,29742,2026-09-24,2026-09-06,Rest,Web,20,1,3,7,223,0
1379,29743,2026-09-24,2026-09-06,Rest,Web,4,2,3,4,97,1
1380,29747,2026-09-24,2026-09-06,US,Web,0,2,2,1,42,0
1381,29751,2026-09-24,2026-09-06,US,Web,0,1,2,2,44,0
1382,29752,2026-09-24,2026-09-06,US,Android,8,0,3,7,80,1
1383,29753,2026-09-24,2026-09-06,India,Web,5,7,4,1,203,1
1384,29757,2026-09-24,2026-09-06,India,iOS,7,1,0,2,63,1
1385,29761,2026-09-24,2026-09-06,Rest,Android,4,11,4,16,160,1
1386,29762,2026-09-24,2026-09-06,EU,Web,11,1,1,2,156,0
1387,29763,2026-09-24,2026-09-06,India,Android,3,2,1,4,51,0
1388,29767,2026-09-24,2026-09-06,US,Android,2,1,2,0,33,0
1389,29768,2026-09-24,2026-09-06,India,Android,3,1,2,3,111,1
1390,29770,2026-09-24,2026-09-06,EU,Web,2,1,0,0,17,0
1391,29773,2026-09-24,2026-09-06,US,iOS,2,6,2,3,70,1
1392,29774,2026-09-24,2026-09-06,EU,iOS,0,1,0,0,4,0
1393,29777,2026-09-24,2026-09-06,Rest,iOS,3,1,4,8,80,1
1394,29780,2026-09-24,2026-09-07,India,iOS,6,3,2,2,207,1
1395,29781,2026-09-24,2026-09-07,EU,Android,4,1,0,1,31,1
1396,29785,2026-09-24,2026-09-07,Rest,Web,12,6,7,8,258,0
1397,29787,2026-09-24,2026-09-07,India,Android,0,3,3,3,55,1
1398,29789,2026-09-24,2026-09-07,EU,Web,1,3,1,3,41,0
1399,29790,2026-09-24,2026-09-07,US,Android,12,1,0,7,87,0
1400,29792,2026-09-24,2026-09-07,US,Web,1,2,1,0,73,1
1401,29794,2026-09-24,2026-09-07,India,Android,5,8,9,8,276,1
1402,29795,2026-09-24,2026-09-07,EU,Web,4,6,5,4,133,1
1403,29796,2026-09-24,2026-09-07,US,iOS,8,1,5,1,131,1
1404,29797,2026-09-24,2026-09-07,US,Android,12,0,0,2,79,0
1405,29799,2026-09-24,2026-09-07,India,Web,6,8,6,12,250,1
1406,29800,2026-09-24,2026-09-07,India,Android,5,8,6,13,190,1
1407,29801,2026-09-24,2026-09-07,US,Android,0,3,0,0,23,1
1408,29802,2026-09-24,2026-09-07,Rest,iOS,7,7,4,5,187,1
1409,29804,2026-09-24,2026-09-07,Rest,Web,3,2,1,3,56,0
1410,29805,2026-09-24,2026-09-07,US,Web,6,5,6,5,199,0
1411,29806,2026-09-24,2026-09-07,US,iOS,3,4,2,2,96,1
1412,29809,2026-09-24,2026-09-07,EU,Web,6,3,0,6,106,0
1413,29810,2026-09-24,2026-09-07,India,Android,4,0,0,2,56,0
1414,29811,2026-09-24,2026-09-07,EU,Web,7,2,6,4,154,1
1415,29814,2026-09-24,2026-09-07,US,Android,0,2,1,1,28,0
1416,29815,2026-09-24,2026-09-07,Rest,Android,9,0,1,5,110,1
1417,29816,2026-09-24,2026-09-07,US,Web,0,2,2,0,54,1
1418,29817,2026-09-24,2026-09-07,US,Android,1,0,1,0,44,0
1419,29819,2026-09-24,2026-09-07,Rest,iOS,5,4,4,10,95,1
1420,29822,2026-09-24,2026-09-07,India,iOS,3,2,0,2,62,0
1421,29823,2026-09-24,2026-09-07,India,Web,1,1,0,2,27,0
1422,29828,2026-09-24,2026-09-07,EU,iOS,3,4,2,6,94,1
1423,29829,2026-09-24,2026-09-07,India,Web,9,8,9,5,288,1
1424,29832,2026-09-24,2026-09-07,India,Android,10,2,0,6,102,0
1425,29834,2026-09-24,2026-09-07,EU,Web,5,0,1,1,66,0
1426,29835,2026-09-24,2026-09-07,US,iOS,7,5,5,3,226,1
1427,29840,2026-09-24,2026-09-07,EU,Android,1,2,1,2,75,0
1428,29843,2026-09-24,2026-09-07,US,Android,4,6,2,3,88,1
1429,29844,2026-09-24,2026-09-07,EU,Android,10,1,0,5,114,0
1430,29845,2026-09-24,2026-09-07,EU,iOS,1,2,2,2,103,0
1431,29847,2026-09-24,2026-09-07,India,Android,3,4,4,4,102,1
1432,29848,2026-09-24,2026-09-07,US,Web,2,1,4,0,58,1
1433,29849,2026-09-24,2026-09-07,EU,iOS,3,4,5,10,146,1
1434,29851,2026-09-24,2026-09-07,India,iOS,0,2,0,0,12,0
1435,29854,2026-09-24,2026-09-07,Rest,Web,6,3,4,3,103,1
1436,29855,2026-09-24,2026-09-07,India,Web,14,2,2,4,190,0
1437,29857,2026-09-24,2026-09-07,Rest,Web,2,1,5,4,82,1
1438,29858,2026-09-24,2026-09-07,US,iOS,10,8,6,11,200,1
1439,29860,2026-09-24,2026-09-07,Rest,Android,10,1,1,4,145,0
1440,29863,2026-09-24,2026-09-07,India,Web,5,7,2,7,94,0
1441,29864,2026-09-24,2026-09-08,Rest,Android,9,1,1,3,107,0
1442,29866,2026-09-24,2026-09-08,Rest,Web,18,2,0,15,214,1
1443,29867,2026-09-24,2026-09-08,Rest,iOS,7,0,1,0,76,0
1444,29870,2026-09-24,2026-09-08,India,iOS,2,2,2,5,55,0
1445,29874,2026-09-24,2026-09-08,US,Android,1,1,2,2,26,1
1446,29875,2026-09-24,2026-09-08,US,iOS,1,0,0,1,4,0
1447,29876,2026-09-24,2026-09-08,EU,Android,4,0,0,1,31,0
1448,29880,2026-09-24,2026-09-08,US,iOS,4,4,4,3,145,1
1449,29882,2026-09-24,2026-09-08,EU,iOS,3,4,3,3,74,1
1450,29884,2026-09-24,2026-09-08,India,Android,2,2,0,1,28,1
1451,29887,2026-09-24,2026-09-08,Rest,Android,2,1,4,2,75,1
1452,29888,2026-09-24,2026-09-08,EU,Web,4,1,2,2,49,0
1453,29890,2026-09-24,2026-09-08,Rest,iOS,0,0,1,1,22,0
1454,29892,2026-09-24,2026-09-08,US,iOS,7,1,1,4,90,1
1455,29894,2026-09-24,2026-09-08,US,Web,0,1,2,1,20,0
1456,29896,2026-09-24,2026-09-08,US,Android,3,5,4,2,188,1
1457,29898,2026-09-24,2026-09-08,US,Android,9,2,0,5,109,1
1458,29899,2026-09-24,2026-09-08,EU,Web,1,1,2,1,29,0
1459,29902,2026-09-24,2026-09-08,EU,Android,4,1,5,3,141,1
1460,29905,2026-09-24,2026-09-08,US,iOS,2,0,0,0,17,0
1461,29911,2026-09-24,2026-09-08,India,Android,6,6,5,11,206,1
1462,29914,2026-09-24,2026-09-08,US,Android,1,3,1,2,111,0
1463,29916,2026-09-24,2026-09-08,EU,Web,4,4,3,2,74,1
1464,29917,2026-09-24,2026-09-08,US,Web,3,1,1,2,34,0
1465,29921,2026-09-24,2026-09-08,US,iOS,3,4,8,3,122,1
1466,29923,2026-09-24,2026-09-08,US,Android,1,0,0,1,5,0
1467,29926,2026-09-24,2026-09-08,Rest,iOS,2,0,1,0,68,0
1468,29927,2026-09-24,2026-09-08,EU,Web,3,5,2,1,144,0
1469,29928,2026-09-24,2026-09-08,India,iOS,0,0,2,1,8,0
1470,29930,2026-09-24,2026-09-08,Rest,iOS,12,6,11,7,363,1
1471,29932,2026-09-24,2026-09-08,India,Android,8,3,6,3,215,0
1472,29933,2026-09-24,2026-09-08,India,Web,0,1,0,0,7,0
1473,29934,2026-09-24,2026-09-08,Rest,Web,1,0,0,0,16,0
1475,29938,2026-09-24,2026-09-08,US,Web,2,4,4,1,125,1
1476,29939,2026-09-24,2026-09-08,US,Android,7,5,4,7,135,1
1477,29942,2026-09-24,2026-09-08,US,Android,5,1,0,1,75,0
1478,29944,2026-09-24,2026-09-08,India,Android,2,4,5,9,156,1
1479,29945,2026-09-24,2026-09-08,US,Android,2,1,1,1,78,0
1480,29949,2026-09-24,2026-09-08,US,iOS,2,2,2,4,82,0
1481,29958,2026-09-24,2026-09-09,US,Android,7,2,5,4,183,1
1482,29962,2026-09-24,2026-09-09,Rest,iOS,7,2,4,8,100,0
1483,29964,2026-09-24,2026-09-09,US,Web,1,0,0,0,3,0
1484,29966,2026-09-24,2026-09-09,US,Android,3,9,5,5,296,1
1485,29969,2026-09-24,2026-09-09,India,Web,2,1,2,4,37,1
1486,29971,2026-09-24,2026-09-09,India,Android,5,7,5,7,171,1
1487,29972,2026-09-24,2026-09-09,US,Android,1,3,1,3,24,1
1488,29974,2026-09-24,2026-09-09,US,Android,2,2,3,3,89,1
1489,29975,2026-09-24,2026-09-09,EU,Web,1,2,3,3,41,0
1490,29979,2026-09-24,2026-09-09,US,Web,1,2,2,0,43,0
1491,29982,2026-09-24,2026-09-09,US,Android,2,0,0,1,13,0
1492,29986,2026-09-24,2026-09-09,US,Web,6,8,11,2,303,1
1493,29987,2026-09-24,2026-09-09,Rest,Android,1,3,3,2,90,1
1494,29988,2026-09-24,2026-09-09,Rest,Web,2,0,4,2,48,0
1495,29989,2026-09-24,2026-09-09,Rest,Android,6,1,6,3,127,1
1496,29991,2026-09-24,2026-09-09,Rest,Android,6,0,0,3,36,0
1497,29992,2026-09-24,2026-09-09,Rest,iOS,0,2,1,2,50,0
1498,29993,2026-09-24,2026-09-09,US,Android,0,8,5,7,93,1
1499,29994,2026-09-24,2026-09-09,US,Web,3,4,0,1,58,0
1500,29996,2026-09-24,2026-09-09,India,Web,3,7,6,1,235,1
1501,29997,2026-09-24,2026-09-09,India,iOS,1,2,1,3,87,0
1502,29998,2026-09-24,2026-09-09,EU,Android,2,1,6,2,90,1
1503,30001,2026-09-24,2026-09-09,US,iOS,5,4,1,8,80,1
1504,30002,2026-09-24,2026-09-09,EU,Android,7,1,2,3,213,0
1505,30003,2026-09-24,2026-09-09,Rest,iOS,3,0,0,0,62,0
1506,30004,2026-09-24,2026-09-09,Rest,Android,5,3,3,8,122,1
1507,30005,2026-09-24,2026-09-09,Rest,iOS,5,5,3,6,130,0
1508,30006,2026-09-24,2026-09-09,Rest,Android,8,2,6,8,165,1
1509,30007,2026-09-24,2026-09-09,EU,Web,7,1,0,5,114,0
1510,30008,2026-09-24,2026-09-09,US,iOS,4,0,0,1,50,0
1511,30010,2026-09-24,2026-09-09,Rest,Android,12,4,1,13,259,0
1512,30012,2026-09-24,2026-09-09,EU,iOS,4,2,2,7,104,1
1513,30013,2026-09-24,2026-09-09,US,Android,0,4,0,4,26,1
1514,30016,2026-09-24,2026-09-09,Rest,iOS,2,5,4,6,78,1
1515,30021,2026-09-24,2026-09-09,India,Android,2,2,1,4,82,1
1516,30022,2026-09-24,2026-09-09,US,iOS,4,1,1,1,57,0
